"id","nLL","kernel","acq","R2","kError","lambda","beta","tau","epsilon"
1102,768.260105027981,"RBF","GM",0.0763624636360808,NA,1.24085879685062,NA,0.158048543414137,NA
111,760.601250557209,"RBF","GM",0.0855702897726427,NA,1.43559491652812,NA,0.161992720989258,NA
115,832.035292727,"RBF","GM",-0.000310992218199857,NA,2.3946192696131,NA,33.7080294010319,NA
1154,649.38611723151,"RBF","GM",0.219278224206634,NA,1.15367978472888,NA,0.10748033498961,NA
1155,672.456438218927,"RBF","GM",0.191542026139748,NA,1.14082235378574,NA,0.112644619621108,NA
1164,816.420662320213,"RBF","GM",0.018461632659455,NA,1.28677751771857,NA,0.295361603915734,NA
117,509.542105870859,"RBF","GM",0.38740510894666,NA,1.10358406896139,NA,0.0859903660615784,NA
1175,630.732695245163,"RBF","GM",0.241704223702728,NA,1.2053662080294,NA,0.108034763134555,NA
1176,827.610975988198,"RBF","GM",0.00500812429712649,NA,29.8448938531621,NA,0.453369245641103,NA
1194,786.975627997847,"RBF","GM",0.0538618034891902,NA,1.25194562494101,NA,0.179836694171524,NA
1196,689.716857687364,"RBF","GM",0.170790758164101,NA,1.13717492631527,NA,0.127718433799038,NA
1214,787.745298590822,"RBF","GM",0.0529364701995213,NA,1.39273685441161,NA,0.203710590518179,NA
1215,783.862850317739,"RBF","GM",0.0576041275912585,NA,1.16733285923618,NA,0.171405937234791,NA
1224,823.841226383096,"RBF","GM",0.0095402901810212,NA,11.6369816619071,NA,0.380501563971009,NA
1260,808.662357241831,"RBF","GM",0.0277890228780254,NA,1.33079258323653,NA,0.225694071954864,NA
1266,832.196792339018,"RBF","GM",-0.00050515445933641,NA,4.05888462791628,NA,1.40855888093309,NA
1288,688.035223194507,"RBF","GM",0.172812496283627,NA,0.67634484503338,NA,0.116736788760335,NA
1300,543.979101526142,"RBF","GM",0.346003373234167,NA,1.20161769529826,NA,0.0793701600638204,NA
1312,832.211634975938,"RBF","GM",-0.000522998958234933,NA,5.45618990679295,NA,1.76617011118523,NA
1319,812.222294389199,"RBF","GM",0.0235091031543729,NA,1.40833046764123,NA,0.192628189632793,NA
1325,787.708129963778,"RBF","GM",0.0529811560277815,NA,1.36523118608322,NA,0.21686521505857,NA
1326,658.437524008495,"RBF","GM",0.208396207814781,NA,1.27901634794122,NA,0.114421420784295,NA
1345,830.763716370984,"RBF","GM",0.00121775520091338,NA,1.87099976878747,NA,0.901952186523668,NA
1348,715.330087215363,"RBF","GM",0.139997358813105,NA,1.16658082193661,NA,0.124182990451355,NA
1374,810.814019675338,"RBF","GM",0.0252021956092859,NA,1.31426493807585,NA,0.267491083966462,NA
1379,756.055135875223,"RBF","GM",0.0910358373618209,NA,1.14585248648871,NA,0.151146618408986,NA
1388,792.45332109172,"RBF","GM",0.0472762696041552,NA,1.29102770868282,NA,0.196544561951019,NA
1391,831.312110729031,"RBF","GM",0.000558450350241713,NA,1.68419203536724,NA,0.394762811813095,NA
1452,591.085056984343,"RBF","GM",0.289370432954265,NA,1.06102677092307,NA,0.0860817686549579,NA
1454,611.380872832777,"RBF","GM",0.264969872224822,NA,1.14662849735956,NA,0.0911825129360363,NA
1455,798.052646774376,"RBF","GM",0.0405445034419132,NA,1.30602601548766,NA,0.234741469481519,NA
1466,821.94367640786,"RBF","GM",0.0118216117969477,NA,1.30681171741502,NA,0.364574337081542,NA
1532,764.318890059191,"RBF","GM",0.0811007730448737,NA,1.33304403733266,NA,0.171683649004953,NA
1543,829.653818560791,"RBF","GM",0.00255212525646242,NA,1.99893482646082,NA,0.627249148182972,NA
1586,807.500711626596,"RBF","GM",0.0291856065183339,NA,1.50799495371207,NA,0.252672431706152,NA
1590,710.734158495735,"RBF","GM",0.145522795123177,NA,1.13173458582715,NA,0.120752274536606,NA
1596,833.414307965225,"RBF","GM",-0.00196890758944779,NA,1.25927889752395,NA,17.3412549353552,NA
1631,804.987465379039,"RBF","GM",0.0322071464332366,NA,1.1322798291049,NA,0.201376306466953,NA
1663,793.879749777228,"RBF","GM",0.0455613516118514,NA,1.21860098646441,NA,0.169520338967739,NA
168,771.353689962235,"RBF","GM",0.072643213933401,NA,1.24461583359185,NA,0.159935622452082,NA
1693,816.972724424041,"RBF","GM",0.0177979182765755,NA,1.19450706249178,NA,0.258322698331613,NA
1706,832.50156176492,"RBF","GM",-0.000871562242139134,NA,1.44896485115218,NA,1.81672808857476,NA
1720,802.86693431979,"RBF","GM",0.0347565461359276,NA,1.18714182085125,NA,0.181521055051654,NA
1722,805.788650838345,"RBF","GM",0.0312439245257593,NA,1.12099543728032,NA,0.205222792578554,NA
1732,830.405397408996,"RBF","GM",0.00164854269217707,NA,1.54109820883333,NA,0.76295605683356,NA
212,769.813626304829,"RBF","GM",0.0744947491010612,NA,1.19173904451843,NA,0.146484436654979,NA
227,814.07242722849,"RBF","GM",0.0212847885941797,NA,1.14196883345994,NA,0.259425115313677,NA
234,598.225520894189,"RBF","GM",0.28078583972728,NA,1.1667956902338,NA,0.0966543616330761,NA
239,835.149545491062,"RBF","GM",-0.00405508973385582,NA,13.0737072305621,NA,0.795235257591823,NA
250,721.56534293698,"RBF","GM",0.132501048389562,NA,1.29448208974819,NA,0.130780178435749,NA
256,648.017401223073,"RBF","GM",0.220923757371433,NA,1.28043102025279,NA,0.11190767509706,NA
271,728.358036348863,"RBF","GM",0.124334560806559,NA,1.22713831964151,NA,0.130012274664534,NA
274,822.740321881328,"RBF","GM",0.0108638480686816,NA,1.84685236628811,NA,0.352202572151762,NA
275,834.089732509359,"RBF","GM",-0.00278093395637868,NA,9.10189248129548,NA,5.25825286031414,NA
279,823.030961565762,"RBF","GM",0.0105144277091667,NA,2.08943591957742,NA,0.535627029617926,NA
285,752.650639566509,"RBF","GM",0.0951288789795756,NA,1.20937627445549,NA,0.133989148551783,NA
317,782.01829816037,"RBF","GM",0.0598217327996725,NA,1.28136098073831,NA,0.1884017665672,NA
333,784.660108090714,"RBF","GM",0.0566456277284403,NA,1.41576865270587,NA,0.214094990443522,NA
334,669.543192120795,"RBF","GM",0.195044464221969,NA,1.30558814874193,NA,0.104712660524936,NA
353,383.336192551632,"RBF","GM",0.539135646677087,NA,1.18175141746244,NA,0.0586749459269481,NA
367,700.141573449867,"RBF","GM",0.158257686719734,NA,1.03740410619385,NA,0.120343577222693,NA
380,773.597130469916,"RBF","GM",0.0699460468542663,NA,1.29732306444791,NA,0.184768225118276,NA
393,577.503522604293,"RBF","GM",0.305698776535732,NA,1.26686196645062,NA,0.0863095020915113,NA
406,815.83275681314,"RBF","GM",0.0191684396257593,NA,1.23341738334748,NA,0.286651635698952,NA
418,733.762230742523,"RBF","GM",0.117837390430115,NA,1.40006598172117,NA,0.133638505842985,NA
422,637.290295511772,"RBF","GM",0.233820375882087,NA,1.22768186928114,NA,0.107653062565962,NA
427,672.701983619441,"RBF","GM",0.19124682019672,NA,1.16962575302238,NA,0.10788723947819,NA
445,795.138682200927,"RBF","GM",0.0440478053081146,NA,1.45735227701354,NA,0.220331275980577,NA
476,343.209312744523,"RBF","GM",0.587378022097139,NA,0.891594068776441,NA,0.0587190716505024,NA
481,820.263166141119,"RBF","GM",0.0138419983202733,NA,1.17144912929033,NA,0.287002684681692,NA
488,771.830642985792,"RBF","GM",0.0720697991318818,NA,1.12122394581326,NA,0.155590163244418,NA
495,497.658675670561,"RBF","GM",0.401691913795594,NA,1.1041289147687,NA,0.0771616939275938,NA
512,781.754031203712,"RBF","GM",0.060139446656207,NA,1.39329862955166,NA,0.190524456437706,NA
535,562.610127314468,"RBF","GM",0.32360429947459,NA,0.948163079157474,NA,0.085999322422066,NA
541,644.113158028426,"RBF","GM",0.22561761761755,NA,1.10712108572197,NA,0.0949353216836029,NA
553,688.67939595728,"RBF","GM",0.172038042241688,NA,1.48655895913741,NA,0.112092899609765,NA
556,802.832377007835,"RBF","GM",0.0347980925214149,NA,1.35903581799485,NA,0.247221491298836,NA
589,324.048756966178,"RBF","GM",0.610413721098885,NA,0.815116543231706,NA,0.0413585933884317,NA
595,576.319442984213,"RBF","GM",0.307122331365655,NA,1.28245594148532,NA,0.0830771096392471,NA
607,833.132729924861,"RBF","GM",-0.00163038155406747,NA,2.19873260722275,NA,0.698993900143448,NA
633,773.016098002366,"RBF","GM",0.0706445907372085,NA,1.16227119506719,NA,0.164559460407181,NA
656,831.561330424887,"RBF","GM",0.000258827000822248,NA,2.63111618785376,NA,1.20897956548675,NA
659,693.979701946174,"RBF","GM",0.165665771270544,NA,1.32952275540457,NA,0.112834056877555,NA
661,826.881584208741,"RBF","GM",0.00588503254969963,NA,1.21432638534363,NA,0.380804313684887,NA
717,704.964555330443,"RBF","GM",0.15245927668523,NA,1.230655631508,NA,0.110347286228326,NA
730,679.876228064675,"RBF","GM",0.182621614460666,NA,1.22048873168519,NA,0.111381409243187,NA
738,812.364553971602,"RBF","GM",0.023338072159329,NA,1.28492488738379,NA,0.265133550346631,NA
739,731.686060213867,"RBF","GM",0.120333457868225,NA,1.3232728877989,NA,0.137005893562488,NA
753,794.710413798592,"RBF","GM",0.0445626892249632,NA,1.07816066645733,NA,0.180342239192263,NA
773,607.715740403013,"RBF","GM",0.269376262542007,NA,1.1562982176648,NA,0.0921681955790886,NA
775,793.556094207089,"RBF","GM",0.0459504651835145,NA,1.26641273530067,NA,0.199620562441844,NA
787,647.183781873066,"RBF","GM",0.22192597278997,NA,1.14355167942771,NA,0.0938031532474797,NA
816,830.728466259853,"RBF","GM",0.00126013450134621,NA,3.60060608500323,NA,2.09919943674777,NA
839,827.198955742078,"RBF","GM",0.00550347393531248,NA,1.25042608647255,NA,0.401471814034007,NA
859,709.023642360789,"RBF","GM",0.14757925607755,NA,1.33882590563165,NA,0.112827876493242,NA
862,749.653491514151,"RBF","GM",0.0987321878395312,NA,1.39769758257779,NA,0.161320151505955,NA
888,585.65536350186,"RBF","GM",0.295898259504869,NA,1.18549188565338,NA,0.0756900005270502,NA
897,699.715230839385,"RBF","GM",0.158770255361285,NA,1.18384443361152,NA,0.117396204244947,NA
915,751.736530014723,"RBF","GM",0.0962278634105683,NA,1.25595068520401,NA,0.145590101829082,NA
923,810.078866207763,"RBF","GM",0.0260860308275884,NA,1.3026040516135,NA,0.245124931082361,NA
963,811.123477324173,"RBF","GM",0.0248301514298366,NA,1.28821792548537,NA,0.267136041242427,NA
976,745.403038492445,"RBF","GM",0.103842277419487,NA,1.40414097892245,NA,0.134593176819071,NA
983,814.750492013125,"RBF","GM",0.0204695880090178,NA,1.59069964753854,NA,0.322993799534245,NA
1102,723.914581220645,"RBF","UCB",0.129676686371471,NA,0.505138137124085,0.406043782126501,0.03161935660199,NA
111,761.203250854144,"RBF","UCB",0.0848465374034738,NA,1.41642446045457,0.0155299123852035,0.160162230683751,NA
115,807.250492672043,"RBF","UCB",0.0294864312223924,NA,0.833295341950245,48.1326252588941,18.1981811727454,NA
1154,561.218675855825,"RBF","UCB",0.325277166240442,NA,0.524745343551663,0.38812659504045,0.0206512955947494,NA
1155,642.025008057887,"RBF","UCB",0.228128087290158,NA,0.570106903066284,0.363451087393798,0.0333477721514071,NA
1164,791.43121559369,"RBF","UCB",0.0485050917152166,NA,0.382169888271705,0.541939254151098,0.0214739350940258,NA
117,521.222022909076,"RBF","UCB",0.373362976955802,NA,0.973147774895964,0.0702989920414935,0.0746392376923466,NA
1175,587.02194287526,"RBF","UCB",0.294255295100714,NA,0.478129291715943,0.387937384683484,0.021965842080049,NA
1176,786.650362550735,"RBF","UCB",0.0542528525287911,NA,0.635509661622533,0.766281534482551,0.170120945015338,NA
1194,774.160584045248,"RBF","UCB",0.0692686371218472,NA,0.562295697827466,0.358833983290633,0.057258620082738,NA
1196,643.056961652191,"RBF","UCB",0.22688742534605,NA,0.643697804888246,0.34401585831668,0.0412161103815542,NA
1214,635.658153322049,"RBF","UCB",0.235782612084703,NA,0.414288032625459,0.536396633753932,0.00673794732796621,NA
1215,737.428809184421,"RBF","UCB",0.113429261650818,NA,0.534288044491266,0.369253236439689,0.0378471222831442,NA
1224,758.538139832315,"RBF","UCB",0.0880506561156494,NA,0.358698263713422,0.754234957317446,0.00673818836299983,NA
1260,783.317939901447,"RBF","UCB",0.0582592438873527,NA,0.427853258061674,0.501562513256634,0.0287727916993376,NA
1266,751.782357499427,"RBF","UCB",0.0961727675064694,NA,0.643297370030615,50.0022876259047,2.26414612124276,NA
1288,645.081198327878,"RBF","UCB",0.22445379516805,NA,0.384178141616293,0.375679246130543,0.0306296664360454,NA
1300,532.347245393402,"RBF","UCB",0.359987724200032,NA,0.768756045351424,0.219380220263731,0.0478024497723422,NA
1312,771.045271088822,"RBF","UCB",0.0730140092493923,NA,1.05070520588066,51.3341501451618,9.58153529238562,NA
1319,697.543290632443,"RBF","UCB",0.161381461499338,NA,0.403854500876754,0.49514336707813,0.00673804303518069,NA
1325,622.194888755834,"RBF","UCB",0.251968766271248,NA,0.402091995796024,0.5539257744207,0.00673794844582576,NA
1326,614.288927523913,"RBF","UCB",0.261473675490209,NA,0.468983159116877,0.325169749148173,0.0355476331644478,NA
1345,792.71761301659,"RBF","UCB",0.0469585257296913,NA,0.756066702097962,22.1089576373044,2.63447021471309,NA
1348,674.764553192277,"RBF","UCB",0.188767104451537,NA,0.496109161366169,0.368011606990977,0.0314140277829159,NA
1374,781.348489364293,"RBF","UCB",0.06062700765671,NA,0.35227385196188,0.545496367070987,0.00673794771965337,NA
1379,713.003898235594,"RBF","UCB",0.142794009900841,NA,0.379245197672959,0.465878868711954,0.00849934843910696,NA
1388,639.918430110749,"RBF","UCB",0.230660711921477,NA,0.405863442593932,0.525196689555025,0.00673794838016866,NA
1391,750.959203917851,"RBF","UCB",0.0971624004981598,NA,0.370567046483651,7.27765105364279,0.00673861962771087,NA
1452,559.610009534984,"RBF","UCB",0.32721117867671,NA,0.527659594514749,0.32261290133263,0.0265675980087643,NA
1454,603.044480006388,"RBF","UCB",0.274992266049434,NA,0.611271467681822,0.296785239875797,0.0404682108301107,NA
1455,747.468330824071,"RBF","UCB",0.101359288248801,NA,0.376786640437244,0.537557554166447,0.00673800883777749,NA
1466,821.958109584155,"RBF","UCB",0.0118042595703932,NA,0.392771329149026,0.50267363538152,0.0159925347053218,NA
1532,718.319895520004,"RBF","UCB",0.136402874134509,NA,0.42657352279167,0.473530790224773,0.0131432067941454,NA
1543,795.844161693898,"RBF","UCB",0.0431996455031495,NA,0.562794157775742,28.6306570335398,5.1742556135429,NA
1586,779.83314298142,"RBF","UCB",0.06244882658321,NA,0.569102639655676,0.4199310573806,0.0644317412523965,NA
1590,677.956461312403,"RBF","UCB",0.184929646104971,NA,0.555488722304209,0.367872755574288,0.035811583124262,NA
1596,796.082480336912,"RBF","UCB",0.0429131278994592,NA,0.16085001495725,7.50542770640367,1.94172864348005,NA
1631,838.683281142205,"RBF","UCB",-0.00830350881695341,NA,0.475816939017394,0.423224894711857,0.0473222865956076,NA
1663,763.580845121386,"RBF","UCB",0.0819880845213103,NA,0.384263530241212,0.533605033609073,0.00673795607375836,NA
168,764.440424491889,"RBF","UCB",0.0809546587754142,NA,0.400996731759058,0.434948570694562,0.0216212673060908,NA
1693,793.000863095731,"RBF","UCB",0.0466179894926004,NA,0.462390325475021,0.372778655906901,0.0610380572420907,NA
1706,788.720745223218,"RBF","UCB",0.0517637435168461,NA,0.312583690050797,6.74738821904715,0.0101363504359743,NA
1720,798.33920869856,"RBF","UCB",0.040199985552807,NA,0.475382105850501,0.349932265765215,0.0513341979569404,NA
1722,776.771786800974,"RBF","UCB",0.0661293293998129,NA,0.537973002976531,0.332558652673516,0.0728615048552934,NA
1732,797.122266542189,"RBF","UCB",0.0416630492311781,NA,0.491655882967272,7.23018358173472,1.6744576196905,NA
212,776.368601255997,"RBF","UCB",0.0666140575550607,NA,0.597101573752364,0.31242824094757,0.0546941323273942,NA
227,739.70600559902,"RBF","UCB",0.110691511672092,NA,0.375751618014994,0.537966362312591,0.0067379471536096,NA
234,540.752562894845,"RBF","UCB",0.349882465969674,NA,0.46724265598491,0.411835436142604,0.0170457209532179,NA
239,843.931908923978,"RBF","UCB",-0.0146136498771499,NA,0.437747299864824,6.15480012957834,0.115904920127352,NA
250,730.717722661734,"RBF","UCB",0.121497637688533,NA,0.852124616515353,0.21122055947657,0.0791133417484979,NA
256,606.623524900181,"RBF","UCB",0.270689374116605,NA,0.583724696369636,0.372657167581997,0.0312654977453272,NA
271,731.088814746594,"RBF","UCB",0.121051493763082,NA,1.21150970216519,0.0147653891763822,0.128725977215653,NA
274,825.041603375041,"RBF","UCB",0.00809714190312472,NA,0.600685666669811,0.420918151536822,0.107873378277685,NA
275,783.373181116647,"RBF","UCB",0.0581928303646675,NA,0.718092808872098,33.4483029879771,4.40867057991282,NA
279,801.965114028453,"RBF","UCB",0.0358407558543322,NA,0.482624180611843,0.491771458331024,0.0687721323482105,NA
285,752.733071992148,"RBF","UCB",0.0950297749365105,NA,0.587799791713617,0.32811540053279,0.0483216895470524,NA
317,612.317472943475,"RBF","UCB",0.263843848612322,NA,0.419992785374051,0.549539126961015,0.0067379503094801,NA
333,613.36958305247,"RBF","UCB",0.262578953581726,NA,0.495831247034945,1.69476536009419,0.013724113158669,NA
334,655.335218252346,"RBF","UCB",0.212125942089545,NA,0.711345124306183,0.280149781615665,0.0509926893514112,NA
353,404.684884858567,"RBF","UCB",0.513469269576521,NA,1.05907324185442,0.0412978234267531,0.0539910040952589,NA
367,710.938671300276,"RBF","UCB",0.145276920449086,NA,0.802853594985977,0.109355891409846,0.0926590909950267,NA
380,714.147757644622,"RBF","UCB",0.141418809653442,NA,0.425515488092526,0.479393342110282,0.0121755564622966,NA
393,546.626666862091,"RBF","UCB",0.342820348750332,NA,0.734841183707178,0.271073061414035,0.040935268350261,NA
406,790.49272814075,"RBF","UCB",0.0496333843771276,NA,0.439935672473424,0.466361424845179,0.0244306478574584,NA
418,696.919137114243,"RBF","UCB",0.162131847487222,NA,0.452103150383882,0.460102764597209,0.0127596146630894,NA
422,599.850743935001,"RBF","UCB",0.278831922042849,NA,0.489445525000783,0.37710001767063,0.0246229087267565,NA
427,715.597414408965,"RBF","UCB",0.139675965799352,NA,0.696227361382265,0.224745494921273,0.056098597635702,NA
445,698.252235118809,"RBF","UCB",0.160529135920383,NA,0.380650552958822,0.562240540362545,0.00673794907904218,NA
476,341.353468110134,"RBF","UCB",0.589609203639384,NA,0.736363156370825,0.0718518108106863,0.0511802282320291,NA
481,795.779769259014,"RBF","UCB",0.043277061041881,NA,0.318756055668272,0.552715975482521,0.00673794980890252,NA
488,766.315558244752,"RBF","UCB",0.0787002869701985,NA,0.475544178395139,0.416780208876526,0.0287935220441321,NA
495,496.369521810259,"RBF","UCB",0.403241793696595,NA,0.658549151138698,0.236291146646069,0.0383973029791449,NA
512,764.322497947114,"RBF","UCB",0.0810964354765282,NA,0.642990068705449,0.389620336151161,0.0756464117466393,NA
535,510.410154636752,"RBF","UCB",0.386361500905157,NA,0.513969780536123,0.296494455475015,0.0310621949673015,NA
541,616.535320661018,"RBF","UCB",0.258772958624553,NA,0.602538451315715,0.320440850993482,0.034439885954,NA
553,662.786853771087,"RBF","UCB",0.203167244081712,NA,0.547686758969075,0.39094241668873,0.0291692448054782,NA
556,738.049019387448,"RBF","UCB",0.112683616497305,NA,0.377721580395064,0.540645469199753,0.00673794796908945,NA
589,332.615837200008,"RBF","UCB",0.600113984292015,NA,0.789683091931067,0.0208664409178603,0.0388431804159243,NA
595,577.777431736451,"RBF","UCB",0.305369470413551,NA,0.629717580468906,0.283623929929005,0.0320789559257474,NA
607,795.152640135632,"RBF","UCB",0.0440310244387976,NA,0.611838920732015,8.43958009533348,1.54901877854839,NA
633,722.229697401043,"RBF","UCB",0.131702330980649,NA,0.501552805770404,0.428408533740468,0.0277677758901465,NA
656,772.226386523566,"RBF","UCB",0.0715940180990396,NA,0.530662986289787,51.3825579996524,1.05118693922119,NA
659,711.380038799321,"RBF","UCB",0.144746288197351,NA,0.692554643174939,0.300288125957949,0.0436873434110334,NA
661,826.216324176464,"RBF","UCB",0.00668483867425551,NA,0.420720337655097,39.8308519952031,15.1246487098701,NA
717,716.211362190063,"RBF","UCB",0.138937849616722,NA,1.03237129475439,0.0725820310479656,0.097604262522368,NA
730,712.533989073981,"RBF","UCB",0.143358956248448,NA,0.910757449143136,0.142268207823588,0.0820010305103133,NA
738,674.060607903194,"RBF","UCB",0.189613419766218,NA,0.394826027719812,0.542343562526351,0.00673794750669259,NA
739,707.496034220611,"RBF","UCB",0.149415816651097,NA,0.748937246115206,0.289330034114391,0.0635665753331534,NA
753,861.036399194912,"RBF","UCB",-0.0351774526194908,NA,0.424261281321016,0.466059022983099,0.0157489827907498,NA
773,581.037927434554,"RBF","UCB",0.301449552934806,NA,0.79804852637131,0.247575925062121,0.0493592304688617,NA
775,793.478234255372,"RBF","UCB",0.0460440719887033,NA,1.26104522494186,0.00685030328343808,0.199019373723853,NA
787,668.073667717867,"RBF","UCB",0.196811193862443,NA,0.823705019595477,0.146457365074866,0.0654621843228301,NA
816,763.57471872141,"RBF","UCB",0.0819954499603642,NA,0.800884526272176,51.0880352537955,5.17061052351153,NA
839,797.598458641652,"RBF","UCB",0.0410905492475064,NA,0.208206933875093,25.4473552713222,7.35748984288691,NA
859,773.420682035456,"RBF","UCB",0.0701581812554062,NA,0.978605998015147,0.164702484562401,0.0786924017841748,NA
862,561.682391183393,"RBF","UCB",0.32471966640422,NA,0.471475913000023,0.500367035354044,0.00992007740389387,NA
888,578.93884281287,"RBF","UCB",0.303973168746564,NA,0.725235753851703,0.21255527496343,0.0423934134184728,NA
897,693.307730151995,"RBF","UCB",0.166473646583111,NA,0.595969887772928,0.345168424941694,0.0428386651090685,NA
915,736.323933127631,"RBF","UCB",0.114757594324092,NA,0.483107613449855,0.435578008470991,0.0230707262963566,NA
923,783.491377582545,"RBF","UCB",0.0580507291519996,NA,0.428637849864977,0.468412442270544,0.0246414173340315,NA
963,773.650267532463,"RBF","UCB",0.0698821630404127,NA,0.360278738995625,0.560252730031367,0.00673796718862499,NA
976,700.188762181651,"RBF","UCB",0.158200954261959,NA,0.556878506792727,0.357370046480688,0.0329632195216208,NA
983,784.415244723671,"RBF","UCB",0.0569400136995474,NA,0.328771451532068,0.56140163546757,0.00673794892088404,NA
1102,827.767330271695,"RBF","epsilonGreedy",0.00482014800594099,NA,0.357750462362854,NA,6.09082723250532,NA
111,757.992120555825,"RBF","epsilonGreedy",0.0887071055343351,NA,0.144117239473222,NA,7.48255596112256,NA
115,830.034487427839,"RBF","epsilonGreedy",0.00209446768420329,NA,0.159485600903176,NA,14.1301388246667,NA
1154,703.876061324972,"RBF","epsilonGreedy",0.153767914105006,NA,0.771261473930982,NA,0.324381067682516,NA
1155,724.974511419601,"RBF","epsilonGreedy",0.128402389670035,NA,0.713342458161239,NA,0.384083687628995,NA
1164,811.255967258914,"RBF","epsilonGreedy",0.0246708659533208,NA,0.127333931574691,NA,5.62770351961683,NA
117,616.319472887987,"RBF","epsilonGreedy",0.259032460717668,NA,0.585456494992607,NA,0.279062696768036,NA
1175,673.982737320794,"RBF","epsilonGreedy",0.189707039352101,NA,0.876455111911279,NA,0.284646471897423,NA
1176,837.497282263969,"RBF","epsilonGreedy",-0.00687764656684386,NA,0.419170462698546,NA,10.8074666244622,NA
1194,803.104444325219,"RBF","epsilonGreedy",0.0344710007134338,NA,0.770873680857641,NA,0.376528792797235,NA
1196,722.061632395937,"RBF","epsilonGreedy",0.131904386438493,NA,0.975434567988307,NA,0.286991308550377,NA
1214,677.637986564511,"RBF","epsilonGreedy",0.185312531054498,NA,0.147898775784278,NA,5.43178749931136,NA
1215,797.769574282426,"RBF","epsilonGreedy",0.0408848261755369,NA,0.860536209319784,NA,0.376313350681455,NA
1224,825.40067069106,"RBF","epsilonGreedy",0.00766545470631874,NA,0.167976989916252,NA,8.9388096967135,NA
1260,801.015172193901,"RBF","epsilonGreedy",0.0369828194992002,NA,0.50107620847639,NA,2.44627354857314,NA
1266,832.78772924306,"RBF","epsilonGreedy",-0.0012156059101196,NA,0.608015607653764,NA,20.275884066503,NA
1288,677.551241928066,"RBF","epsilonGreedy",0.185416819435184,NA,0.165464988775286,NA,0.387620725518793,NA
1300,607.61510489527,"RBF","epsilonGreedy",0.269497251165305,NA,0.956185055995981,NA,0.222017851871093,NA
1312,827.701061272836,"RBF","epsilonGreedy",0.00489981963595598,NA,0.588010711971314,NA,31.9353785187004,NA
1319,789.539319453909,"RBF","epsilonGreedy",0.0507796160308323,NA,0.407692223587152,NA,2.01529420664611,NA
1325,754.770771816508,"RBF","epsilonGreedy",0.0925799587436565,NA,0.150297497352215,NA,4.06872875588497,NA
1326,690.813000785557,"RBF","epsilonGreedy",0.169472924654211,NA,0.262180589087912,NA,0.380996801486257,NA
1345,830.558681445389,"RBF","epsilonGreedy",0.00146425759288416,NA,0.649090026851318,NA,5.0600979193745,NA
1348,787.397200933351,"RBF","epsilonGreedy",0.0533549691696703,NA,0.779083418182167,NA,0.290515394517341,NA
1374,753.638597597487,"RBF","epsilonGreedy",0.0939411105196608,NA,0.143395660411469,NA,13.8174715601057,NA
1379,778.163578027816,"RBF","epsilonGreedy",0.0644560541490486,NA,0.372253805488291,NA,0.439139590473519,NA
1388,732.943974025973,"RBF","epsilonGreedy",0.118821136186066,NA,0.240175208217952,NA,5.50430457804007,NA
1391,824.166305873602,"RBF","epsilonGreedy",0.00914946470698197,NA,0.23036404206453,NA,16.956348584981,NA
1452,743.6441189356,"RBF","epsilonGreedy",0.105956931187806,NA,0.576417406646142,NA,0.310989619182918,NA
1454,696.812407522494,"RBF","epsilonGreedy",0.162260162697832,NA,0.739193734920649,NA,0.301452243934407,NA
1455,745.902247270804,"RBF","epsilonGreedy",0.103242105728732,NA,0.133577017536604,NA,10.2850499604333,NA
1466,823.179634703171,"RBF","epsilonGreedy",0.0103356860441226,NA,0.207681467378318,NA,8.26176967174086,NA
1532,799.60758681944,"RBF","epsilonGreedy",0.0386750831986685,NA,0.182309606340221,NA,3.49036124266207,NA
1543,823.546785642882,"RBF","epsilonGreedy",0.00989428034414019,NA,0.981982557526117,NA,0.585979512773144,NA
1586,827.170843694296,"RBF","epsilonGreedy",0.00553727152858297,NA,0.34153880020712,NA,1.89287304940794,NA
1590,773.678388812237,"RBF","epsilonGreedy",0.0698483543480186,NA,0.686699389245515,NA,0.367639140926397,NA
1596,836.238484757793,"RBF","epsilonGreedy",-0.00536426246714083,NA,0.0401415006050951,NA,9.57603309369444,NA
1631,775.806280471226,"RBF","epsilonGreedy",0.0672901053947086,NA,0.221948958252753,NA,10.920071632003,NA
1663,764.25094314791,"RBF","epsilonGreedy",0.0811824619381636,NA,0.201007731205189,NA,3.71158500248467,NA
168,791.164095494131,"RBF","epsilonGreedy",0.0488262357510129,NA,0.426528825701522,NA,0.409706327466281,NA
1693,837.426986890771,"RBF","epsilonGreedy",-0.00679313424491879,NA,0.433018110807816,NA,2.39310684027738,NA
1706,832.522333512294,"RBF","epsilonGreedy",-0.000896534989578646,NA,0.109875157532361,NA,20.3979038424596,NA
1720,834.714915811327,"RBF","epsilonGreedy",-0.00353255799754204,NA,0.848924521678337,NA,6.2438839447282,NA
1722,830.76920522417,"RBF","epsilonGreedy",0.00121115624985346,NA,0.275907055882381,NA,0.370434000483772,NA
1732,834.625320143515,"RBF","epsilonGreedy",-0.0034248419761771,NA,0.588621456629462,NA,2.18121782816405,NA
212,792.949086203374,"RBF","epsilonGreedy",0.0466802380474647,NA,0.158533208451634,NA,7.89442692908565,NA
227,743.049586843614,"RBF","epsilonGreedy",0.106671704938437,NA,0.150448648265051,NA,6.29319450545013,NA
234,701.480569549683,"RBF","epsilonGreedy",0.156647884192256,NA,1.29061172081349,NA,0.309676386235865,NA
239,839.109864058391,"RBF","epsilonGreedy",-0.00881636636504401,NA,0.367227063456225,NA,11.1069971689243,NA
250,771.387939420925,"RBF","epsilonGreedy",0.0726020376632296,NA,0.743154516867959,NA,0.376115067541921,NA
256,696.385775758768,"RBF","epsilonGreedy",0.162773078972676,NA,0.920564692682675,NA,0.262448070356839,NA
271,796.018900130513,"RBF","epsilonGreedy",0.0429895669398518,NA,0.829828474829716,NA,0.125660110185802,NA
274,826.873649811465,"RBF","epsilonGreedy",0.0058945716460348,NA,0.13539530492195,NA,7.6189184827318,NA
275,835.85887998868,"RBF","epsilonGreedy",-0.00490788420222654,NA,0.869651551712703,NA,12.8289835996476,NA
279,824.866996430928,"RBF","epsilonGreedy",0.00830706238010437,NA,0.140771277507385,NA,15.1908154294237,NA
285,760.574051545343,"RBF","epsilonGreedy",0.0856029896722555,NA,0.7987907116509,NA,0.316090511757178,NA
317,736.217958412546,"RBF","epsilonGreedy",0.114885001987352,NA,0.213043779040697,NA,5.49333598709043,NA
333,767.572651387148,"RBF","epsilonGreedy",0.0771889519348068,NA,0.403222990963812,NA,15.1398457603443,NA
334,730.979547985241,"RBF","epsilonGreedy",0.121182859275364,NA,0.805154241476526,NA,0.244568714253477,NA
353,435.450370008073,"RBF","epsilonGreedy",0.47648159219674,NA,0.509585565865985,NA,0.200724096561179,NA
367,742.657888400616,"RBF","epsilonGreedy",0.107142622772801,NA,0.251024495852496,NA,0.176014994179984,NA
380,752.525377583741,"RBF","epsilonGreedy",0.0952794746807019,NA,0.774670671139235,NA,0.440454703042969,NA
393,644.237875234815,"RBF","epsilonGreedy",0.225467676871574,NA,0.757651455880995,NA,0.332587406889107,NA
406,810.091356240397,"RBF","epsilonGreedy",0.0260710147374702,NA,0.232289141751853,NA,11.5285365893221,NA
418,782.288521894651,"RBF","epsilonGreedy",0.0594968574318585,NA,0.331013963841379,NA,4.36399157987694,NA
422,770.018276287752,"RBF","epsilonGreedy",0.074248709504827,NA,0.458610442586117,NA,0.395093160125471,NA
427,753.353074523849,"RBF","epsilonGreedy",0.0942843794549907,NA,1.29302692131821,NA,0.0617997153927558,NA
445,781.733732638519,"RBF","epsilonGreedy",0.0601638505223249,NA,0.62256608424639,NA,1.1720701937325,NA
476,406.643773308032,"RBF","epsilonGreedy",0.511114204033438,NA,0.529047615571986,NA,0.0657467200553621,NA
481,822.961123908271,"RBF","epsilonGreedy",0.0105983897442751,NA,0.140361684278614,NA,6.55868964128999,NA
488,750.804319689569,"RBF","epsilonGreedy",0.0973486094215386,NA,0.250908502010052,NA,0.50312341000736,NA
495,665.754034338416,"RBF","epsilonGreedy",0.199599963506789,NA,0.847206158424958,NA,0.209348897653649,NA
512,804.252835692118,"RBF","epsilonGreedy",0.0330903519384129,NA,0.445422789971938,NA,22.1675533217216,NA
535,627.519718710216,"RBF","epsilonGreedy",0.245567011463945,NA,0.26599978774446,NA,0.32061195525224,NA
541,738.828594147433,"RBF","epsilonGreedy",0.111746375963779,NA,0.4026030155856,NA,0.428628356117918,NA
553,696.32563799025,"RBF","epsilonGreedy",0.162845379356353,NA,0.753263477287373,NA,0.420516511243988,NA
556,765.834370351721,"RBF","epsilonGreedy",0.0792787931260419,NA,0.139933230285926,NA,14.274735417941,NA
589,406.317140300017,"RBF","epsilonGreedy",0.511506897217483,NA,0.080278028739205,NA,0.0796883625802519,NA
595,683.330844751873,"RBF","epsilonGreedy",0.178468315825006,NA,0.779234463825091,NA,0.320079840608242,NA
607,833.195014292707,"RBF","epsilonGreedy",-0.0017052626779146,NA,0.907595532070748,NA,4.46753390744623,NA
633,756.736587933578,"RBF","epsilonGreedy",0.0902165644408263,NA,0.803583205856204,NA,0.371524103525964,NA
656,839.364296140898,"RBF","epsilonGreedy",-0.00912225628477392,NA,0.422818077940367,NA,3.82265120043356,NA
659,721.83990641549,"RBF","epsilonGreedy",0.132170955582183,NA,0.304383646113663,NA,0.467344085425921,NA
661,819.6322630825,"RBF","epsilonGreedy",0.0146004989152327,NA,0.258997321642287,NA,6.80017694350163,NA
717,777.965313597418,"RBF","epsilonGreedy",0.0646944167411483,NA,0.557241784885427,NA,0.134266751280802,NA
730,764.941105176182,"RBF","epsilonGreedy",0.0803527174918326,NA,0.523274032967723,NA,0.33295092171092,NA
738,794.837190025462,"RBF","epsilonGreedy",0.0444102730301228,NA,0.136843307714247,NA,2.43064085348388,NA
739,776.642204488415,"RBF","epsilonGreedy",0.0662851191995759,NA,0.583076628002333,NA,0.36262366418082,NA
753,827.597527226115,"RBF","epsilonGreedy",0.00502429301576235,NA,0.707531133950519,NA,1.59074257131311,NA
773,705.306987232109,"RBF","epsilonGreedy",0.152047589346584,NA,0.688977452815441,NA,0.231915496157168,NA
775,786.639417778495,"RBF","epsilonGreedy",0.0542660108359864,NA,0.295405624005318,NA,14.3234215315433,NA
787,699.119561075113,"RBF","epsilonGreedy",0.159486396873722,NA,0.29847026847154,NA,0.321251611050708,NA
816,838.413757801428,"RBF","epsilonGreedy",-0.00797947549433387,NA,0.576733693989693,NA,25.278283174647,NA
839,826.202092350727,"RBF","epsilonGreedy",0.00670194882793418,NA,0.206532211239624,NA,7.48066321331984,NA
859,770.292257722037,"RBF","epsilonGreedy",0.0739193164577118,NA,0.78864508528864,NA,0.301487048047729,NA
862,732.370608536989,"RBF","epsilonGreedy",0.119510462475712,NA,0.434480678366133,NA,3.63622330184025,NA
888,640.841150762569,"RBF","epsilonGreedy",0.229551374831055,NA,0.905771145299689,NA,0.220648709678862,NA
897,748.814937599496,"RBF","epsilonGreedy",0.0997403358180237,NA,0.809181974905915,NA,0.349521168627992,NA
915,778.749484027168,"RBF","epsilonGreedy",0.0637516510826381,NA,0.224841260457476,NA,4.26680760995118,NA
923,808.220407341187,"RBF","epsilonGreedy",0.0283203553196759,NA,0.142305719365088,NA,9.91540581085245,NA
963,808.001694032379,"RBF","epsilonGreedy",0.0285833024913372,NA,0.363583814986608,NA,7.16463480016645,NA
976,791.659933765628,"RBF","epsilonGreedy",0.0482301162382031,NA,0.329112088815488,NA,0.410492485175671,NA
983,803.780543102604,"RBF","epsilonGreedy",0.0336581637523634,NA,0.144815693974467,NA,11.3485780844184,NA
1102,815.91142611781,"BMT","GM",0.0190738597793281,8.20001334049821,NA,NA,0.0447723554185306,NA
111,830.250651509554,"BMT","GM",0.00183458531027969,11.4176057877228,NA,NA,0.057402436282884,NA
115,831.776751710242,"BMT","GM",-1.62349247156968e-07,54.5981497901939,NA,NA,54.5981494359548,NA
1154,695.932053426378,"BMT","GM",0.163318564771743,6.99573436575715,NA,NA,0.0361451155592951,NA
1155,720.46617907931,"BMT","GM",0.13382251359505,6.29017931266491,NA,NA,0.0400315238868802,NA
1164,831.776784852842,"BMT","GM",-2.02194801124378e-07,54.5981499068026,NA,NA,54.5981499208381,NA
117,563.871976974917,"BMT","GM",0.322087245935026,4.5328078621494,NA,NA,0.0466696813373589,NA
1175,695.335688797277,"BMT","GM",0.164035541682548,4.96407812955887,NA,NA,0.0538411481149766,NA
1176,831.776729326291,"BMT","GM",-1.35438234627472e-07,54.5981500097705,NA,NA,54.5981499349611,NA
1194,793.924145645653,"BMT","GM",0.0455079768625076,18.5272051184341,NA,NA,0.00677238822164095,NA
1196,680.276602321366,"BMT","GM",0.182140266165143,7.55199441020738,NA,NA,0.0234004325900885,NA
1214,831.776803667475,"BMT","GM",-2.24814616034408e-07,54.5981500139915,NA,NA,54.5981499857011,NA
1215,797.609821987583,"BMT","GM",0.0410768877118213,18.3873727745326,NA,NA,0.00673794723645078,NA
1224,831.7767871881,"BMT","GM",-2.05002355535555e-07,54.5981500083671,NA,NA,54.5981499914706,NA
1260,831.776768947669,"BMT","GM",-1.830728726393e-07,54.598149998934,NA,NA,54.5981499779749,NA
1266,831.776760489971,"BMT","GM",-1.72904640161065e-07,54.5981499909341,NA,NA,54.5981499677338,NA
1288,566.97706602399,"BMT","GM",0.318354165457847,14.1242570950242,NA,NA,0.00673794699977191,NA
1300,518.472866239029,"BMT","GM",0.376668139201222,11.2414571400932,NA,NA,0.00673794699918843,NA
1312,831.776779229331,"BMT","GM",-1.95433958349867e-07,54.5981499930667,NA,NA,54.5981499359688,NA
1319,832.396294327073,"BMT","GM",-0.000745004900015278,35.218201336605,NA,NA,34.6662162471483,NA
1325,831.776859887431,"BMT","GM",-2.92404825685821e-07,54.59815000316,NA,NA,54.5981499406671,NA
1326,582.460498877615,"BMT","GM",0.299739272296295,13.4195514276152,NA,NA,0.00673794700071394,NA
1345,831.776757253597,"BMT","GM",-1.69013723017031e-07,54.5981499989885,NA,NA,54.5981500073435,NA
1348,685.008527702993,"BMT","GM",0.176451328430201,15.5510270967279,NA,NA,0.00673794699993583,NA
1374,831.776793572983,"BMT","GM",-2.1267855454532e-07,54.5981499990487,NA,NA,54.5981499624603,NA
1379,754.844574315884,"BMT","GM",0.0924912299937781,17.8742876707418,NA,NA,0.00673794700172472,NA
1388,831.776815816654,"BMT","GM",-2.3942091620377e-07,54.5981500003903,NA,NA,54.598150011677,NA
1391,831.776794613842,"BMT","GM",-2.13929923109646e-07,54.5981499819503,NA,NA,54.5981499644577,NA
1452,652.708313621307,"BMT","GM",0.215284127326285,4.82729061357696,NA,NA,0.0502094687853499,NA
1454,640.446835979695,"BMT","GM",0.230025438149222,5.37593823912578,NA,NA,0.039724966573499,NA
1455,831.776814880362,"BMT","GM",-2.38295262855459e-07,54.598149953006,NA,NA,54.5981500030798,NA
1466,832.062826446023,"BMT","GM",-0.000344094518109683,50.235800216608,NA,NA,47.7815369272255,NA
1532,838.466489480038,"BMT","GM",-0.00804287193702424,25.7232784754208,NA,NA,6.83075004117394,NA
1543,831.776767098925,"BMT","GM",-1.80850227904372e-07,54.5981499787873,NA,NA,54.5981499632168,NA
1586,832.819700874528,"BMT","GM",-0.00125404367192639,13.3282106902053,NA,NA,0.0360821855979804,NA
1590,698.255269611208,"BMT","GM",0.160525487714437,14.1962369772583,NA,NA,0.00673794699971805,NA
1596,831.776767152437,"BMT","GM",-1.80914562442069e-07,54.5981499918747,NA,NA,54.5981499878918,NA
1631,839.437587499723,"BMT","GM",-0.00921037051803819,25.242472044309,NA,NA,6.83072204299823,NA
1663,831.77678168518,"BMT","GM",-1.98386492789027e-07,54.5981500092661,NA,NA,54.5981499867636,NA
168,793.496667348468,"BMT","GM",0.0460219108787043,4.66763953751025,NA,NA,0.075146649616738,NA
1693,834.384286258032,"BMT","GM",-0.00313505998344987,15.0658615182098,NA,NA,6.86256654045941,NA
1706,831.776791357181,"BMT","GM",-2.10014615920073e-07,54.5981499670812,NA,NA,54.5981499890809,NA
1720,789.416098702146,"BMT","GM",0.0509277576704175,16.4468948774662,NA,NA,0.00673794699915684,NA
1722,820.545791245808,"BMT","GM",0.0135022134561357,5.5012060602303,NA,NA,0.0733223199901782,NA
1732,831.776784783975,"BMT","GM",-2.02112006020272e-07,54.5981499991325,NA,NA,54.5981499136421,NA
212,825.319826399238,"BMT","GM",0.00776264942206539,13.3110535662626,NA,NA,0.0209689443897804,NA
227,831.776796696134,"BMT","GM",-2.1643334990884e-07,54.5981499830483,NA,NA,54.5981499880417,NA
234,566.963214210518,"BMT","GM",0.318370818743348,12.7960654531407,NA,NA,0.00673794699968562,NA
239,831.776681286827,"BMT","GM",-7.76829875981377e-08,54.5981499281926,NA,NA,54.5981499681386,NA
250,774.530554198336,"BMT","GM",0.0688238420342332,3.45040558108462,NA,NA,0.086326139683358,NA
256,680.177706186012,"BMT","GM",0.182259163635175,4.09210679365873,NA,NA,0.0614481246931184,NA
271,682.632753257382,"BMT","GM",0.17930759343933,12.7678397931759,NA,NA,0.00673794699975769,NA
274,829.482351164322,"BMT","GM",0.00275827122526251,13.2965544208613,NA,NA,0.0214460829663917,NA
275,831.776777090435,"BMT","GM",-1.928624795422e-07,54.5981499935514,NA,NA,54.5981499567338,NA
279,831.776685821644,"BMT","GM",-8.31349524776925e-08,54.5981499214718,NA,NA,54.598149953642,NA
285,804.543022602701,"BMT","GM",0.0327414759243887,3.63529283170072,NA,NA,0.0870570341233967,NA
317,831.776822104778,"BMT","GM",-2.46980787155238e-07,54.5981500056801,NA,NA,54.5981499667321,NA
333,831.77686822326,"BMT","GM",-3.02426541809453e-07,54.5981499834742,NA,NA,54.5981499752762,NA
334,730.096601561905,"BMT","GM",0.122244377963962,3.45011331074032,NA,NA,0.0719588823784389,NA
353,355.193390235409,"BMT","GM",0.572970214459031,10.5499070129367,NA,NA,0.00673794699959116,NA
367,670.118901492254,"BMT","GM",0.194352320009305,3.73478291209943,NA,NA,0.0568900625970969,NA
380,833.761357009684,"BMT","GM",-0.00238614586893648,14.1607357615419,NA,NA,0.0462674740343826,NA
393,608.49304612343,"BMT","GM",0.268441749951924,7.44793122453792,NA,NA,0.0184888553601361,NA
406,836.02374203902,"BMT","GM",-0.00510608892094,24.6920062705405,NA,NA,6.83524782592278,NA
418,804.535577325876,"BMT","GM",0.0327504269776827,17.6574203385211,NA,NA,0.00673794699923662,NA
422,601.534121772376,"BMT","GM",0.276808087994579,10.0987922197308,NA,NA,0.018325951986239,NA
427,671.314280189036,"BMT","GM",0.192915180911111,13.0830051391818,NA,NA,0.00858703670567944,NA
445,831.776808242213,"BMT","GM",-2.30314575855317e-07,54.5981499951344,NA,NA,54.5981500005985,NA
476,328.966228781155,"BMT","GM",0.604501710931236,3.0409988760478,NA,NA,0.0444462297696057,NA
481,831.776768520389,"BMT","GM",-1.82559177108743e-07,54.5981500037203,NA,NA,54.5981499698038,NA
488,810.537280252381,"BMT","GM",0.025534904436885,5.40033029066489,NA,NA,0.0646895436892348,NA
495,532.430633424423,"BMT","GM",0.359887471284346,3.75964595870225,NA,NA,0.0494714249693596,NA
512,836.952210047367,"BMT","GM",-0.00622233574699527,17.1935346597211,NA,NA,0.0600576733731986,NA
535,510.041901453986,"BMT","GM",0.386804231772297,11.2747497180726,NA,NA,0.00673794700153538,NA
541,712.21515758326,"BMT","GM",0.143742270090566,4.6288862696188,NA,NA,0.0492448590377659,NA
553,740.713619249853,"BMT","GM",0.109480112324434,15.4300449762312,NA,NA,0.00673794699932732,NA
556,831.776796705565,"BMT","GM",-2.1644468861659e-07,54.5981500048492,NA,NA,54.598149929419,NA
589,226.788986491327,"BMT","GM",0.727343878217273,8.54117428358025,NA,NA,0.00673794699912263,NA
595,599.742864846547,"BMT","GM",0.278961619231123,13.1473482865758,NA,NA,0.00673794699961232,NA
607,831.776742619779,"BMT","GM",-1.51420275873448e-07,54.5981500037638,NA,NA,54.5981499860735,NA
633,805.120037766981,"BMT","GM",0.0320477618277014,9.076933179734,NA,NA,0.0295411896370243,NA
656,831.776740742622,"BMT","GM",-1.49163471574454e-07,54.5981499880644,NA,NA,54.5981499466039,NA
659,740.078332367491,"BMT","GM",0.110243883353372,7.29892167672126,NA,NA,0.0334035001671389,NA
661,831.776761624144,"BMT","GM",-1.74268194985672e-07,54.5981499851196,NA,NA,54.598149951578,NA
717,771.494409330581,"BMT","GM",0.0724740346543421,1.46327624189547,NA,NA,0.123302247294206,NA
730,729.107536290979,"BMT","GM",0.123433477598529,3.81961431606978,NA,NA,0.0603582909255203,NA
738,831.77681168649,"BMT","GM",-2.34455443504089e-07,54.598150015622,NA,NA,54.5981499627454,NA
739,811.70395124329,"BMT","GM",0.02413227905944,4.29022847172541,NA,NA,0.0755520071655806,NA
753,840.711540546182,"BMT","GM",-0.0107419753034146,23.9676489646712,NA,NA,6.83066442952091,NA
773,630.138272740661,"BMT","GM",0.24241886570226,6.73318890597706,NA,NA,0.0267787034210985,NA
775,831.77669850629,"BMT","GM",-9.83850159119726e-08,54.5981499902781,NA,NA,54.5981499948806,NA
787,629.799152729231,"BMT","GM",0.242826571334556,9.8833676057544,NA,NA,0.0111036662636502,NA
816,831.776771841699,"BMT","GM",-1.86552208347734e-07,54.5981499877292,NA,NA,54.5981499775772,NA
839,831.776775855961,"BMT","GM",-1.91378338287862e-07,54.5981500052009,NA,NA,54.5981499283023,NA
859,738.764103777518,"BMT","GM",0.111823909244496,6.6776913894392,NA,NA,0.0357898663744601,NA
862,831.776699019605,"BMT","GM",-9.90021469249314e-08,54.59814997236,NA,NA,54.5981499880606,NA
888,644.935823122759,"BMT","GM",0.224628571907628,3.48101073989068,NA,NA,0.0466381707329339,NA
897,749.771505055153,"BMT","GM",0.098590306547564,8.82939806165522,NA,NA,0.021710036932204,NA
915,792.317631099857,"BMT","GM",0.0474394023361204,17.5551337383898,NA,NA,0.0067379471503278,NA
923,831.77671091705,"BMT","GM",-1.1330580074187e-07,54.5981500028131,NA,NA,54.5981499478198,NA
963,831.776793667245,"BMT","GM",-2.12791881004648e-07,54.5981500061715,NA,NA,54.5981499790374,NA
976,813.756160815213,"BMT","GM",0.0216650185825426,3.84197081686872,NA,NA,0.090267389931444,NA
983,831.776802735725,"BMT","GM",-2.23694423429066e-07,54.5981499694469,NA,NA,54.5981499815957,NA
1102,782.860585480733,"BMT","UCB",0.0588090963495971,0.675559762482769,NA,0.188026177014224,0.041846012079903,NA
111,832.855873729931,"BMT","UCB",-0.0012975323378468,11.8642530981261,NA,0.00906370615654613,0.0662239139946314,NA
115,808.310286349254,"BMT","UCB",0.0282122986536607,23.6115137663123,NA,2.04899908333053,0.0111616781228129,NA
1154,653.965371477585,"BMT","UCB",0.213772834713483,6.90634994967676,NA,0.291436185559552,0.00674077153823481,NA
1155,757.012399482925,"BMT","UCB",0.0898849711454407,5.5421957861204,NA,0.228029111888469,0.0174933148297564,NA
1164,819.787555508283,"BMT","UCB",0.0144137992380948,2.36970300917455,NA,19.7048311524547,4.29884833187571,NA
117,562.2064561481,"BMT","UCB",0.324089611466148,3.97384305819825,NA,0.118072847886384,0.0333990484962947,NA
1175,642.989830244935,"BMT","UCB",0.226968133802997,4.14620305191619,NA,0.274194277109131,0.0111233073508808,NA
1176,796.230064324755,"BMT","UCB",0.0427356956599793,2.72169057735953,NA,0.521447365298518,0.0876433221463078,NA
1194,811.184975659645,"BMT","UCB",0.0247562153101627,8.35256916349602,NA,0.208600677466479,0.0213462253882147,NA
1196,662.263968712848,"BMT","UCB",0.203795880482108,8.31312917191637,NA,0.226371004690501,0.00673803606070608,NA
1214,784.328942278142,"BMT","UCB",0.0570437704580324,0.785674963184726,NA,13.4855650272223,0.189887968997912,NA
1215,782.144345802909,"BMT","UCB",0.0596701925423335,5.40795466607847,NA,0.238948724194713,0.0208203607896352,NA
1224,793.169016277982,"BMT","UCB",0.0464158280241477,2.18094959705889,NA,4.214739347071,0.18349235562772,NA
1260,793.963250701154,"BMT","UCB",0.0454609629711371,4.70972824024766,NA,0.795600290219657,0.0708600804126047,NA
1266,784.328942278142,"BMT","UCB",0.0570437704580324,0.307916127060858,NA,15.7416258826198,0.131143472054553,NA
1288,538.249958153672,"BMT","UCB",0.352891212177504,6.84508791644821,NA,0.291307086060791,0.00673797195490366,NA
1300,508.201914604568,"BMT","UCB",0.389016348358094,8.3650585377511,NA,0.146584089036584,0.00673796943303808,NA
1312,810.903581922916,"BMT","UCB",0.0250945197672597,2.0222487144918,NA,26.5992815807729,5.40318047991891,NA
1319,794.749377375415,"BMT","UCB",0.0445158454257475,0.324167436234996,NA,0.242445687345581,0.0102607333569275,NA
1325,784.328942278142,"BMT","UCB",0.0570437704580324,0.234533085471259,NA,12.5876387247571,0.0633353157708335,NA
1326,567.93091043413,"BMT","UCB",0.317207409957606,7.72721127976811,NA,0.240134483260273,0.00673804665248091,NA
1345,794.462117738162,"BMT","UCB",0.0448612021375087,0.0101660337671503,NA,25.8988433634469,14.365491935101,NA
1348,663.480915860569,"BMT","UCB",0.202332810802908,7.45337171631964,NA,0.29074714155425,0.00673817727413076,NA
1374,784.328942278142,"BMT","UCB",0.0570437704580324,0.731518328552968,NA,8.85473420570072,0.0706710722172329,NA
1379,736.345721313955,"BMT","UCB",0.114731399567126,6.85768169986118,NA,0.296124144824594,0.00694710999211825,NA
1388,784.328942278142,"BMT","UCB",0.0570437704580324,0.743575624850193,NA,16.091736543316,0.0480345045967286,NA
1391,784.328942278142,"BMT","UCB",0.0570437704580324,0.860005733748578,NA,9.8182695052606,0.0416654735966086,NA
1452,656.390142455137,"BMT","UCB",0.210857663826311,3.14444499399585,NA,0.198565694436433,0.0202666402264,NA
1454,623.837120401196,"BMT","UCB",0.249994400062287,5.06090020214186,NA,0.210450912948321,0.0155928494785045,NA
1455,793.200340653467,"BMT","UCB",0.0463781684231719,0.10432085789252,NA,26.997208679857,11.172855429086,NA
1466,833.033762865322,"BMT","UCB",-0.00151139881572693,2.7626338384687,NA,2.94690493373936,0.0791257335125847,NA
1532,797.738507789517,"BMT","UCB",0.0409221757382521,0.0067456148364884,NA,0.19793499978981,0.0363973588988942,NA
1543,793.189860906414,"BMT","UCB",0.0463907676557583,0.921702833258008,NA,28.9356580293135,8.48152554167743,NA
1586,803.746992665988,"BMT","UCB",0.0336984996261347,1.87077297085722,NA,0.228657600291149,0.0618423209729919,NA
1590,685.488469696116,"BMT","UCB",0.175874320152374,8.01366216664767,NA,0.2473199149666,0.00673825364362319,NA
1596,798.067975499846,"BMT","UCB",0.0405260745450643,0.250938249127029,NA,3.3653652875427,1.9432591408115,NA
1631,836.803310922606,"BMT","UCB",-0.00604332238959104,2.47044812119453,NA,2.91656517182288,0.098652090734421,NA
1663,793.193019716941,"BMT","UCB",0.046386969988856,0.144533364199449,NA,25.412831070093,10.3145767058802,NA
168,750.660320967647,"BMT","UCB",0.0975217312898821,0.610370954754655,NA,0.206171769315118,0.0243182844939022,NA
1693,796.478964932752,"BMT","UCB",0.0424364559326196,2.90030933906522,NA,0.262612667475675,0.0310529282172856,NA
1706,784.328942278142,"BMT","UCB",0.0570437704580324,0.0808736078824056,NA,6.81273159605078,0.0750080297311607,NA
1720,759.71620685087,"BMT","UCB",0.0866343299110631,7.37512153147401,NA,0.266739565328783,0.00674064380108805,NA
1722,793.494375093416,"BMT","UCB",0.0460246667328686,2.17217022050347,NA,0.215596328752454,0.0498056772114389,NA
1732,793.187527707253,"BMT","UCB",0.0463935727348069,3.30844721979947,NA,26.4410685752865,3.55029813173732,NA
212,786.935539366036,"BMT","UCB",0.0539099998811148,0.00673797780883459,NA,0.154473175786525,0.0528193256532348,NA
227,784.328942278142,"BMT","UCB",0.0570437704580324,0.454185589940128,NA,9.25358644997018,0.0897413035270211,NA
234,537.374188446216,"BMT","UCB",0.353944102689094,6.33781701813884,NA,0.28482377175013,0.00673797250595015,NA
239,826.17857211276,"BMT","UCB",0.00673022593682993,0.69708600439741,NA,1.98716686682509,0.0172423087985621,NA
250,761.695909888277,"BMT","UCB",0.0842542401156472,2.88453586650023,NA,0.209379928790006,0.0358818846074991,NA
256,656.601051513778,"BMT","UCB",0.210604099282161,5.15275084146962,NA,0.278845422472646,0.0121190118064603,NA
271,752.72808660121,"BMT","UCB",0.0950357686021635,12.0799527527308,NA,0.0283318055174832,0.00673798186791819,NA
274,825.102179095783,"BMT","UCB",0.00802431499319656,0.0200477139240565,NA,0.168651353306875,0.092753346985899,NA
275,784.328942278142,"BMT","UCB",0.0570437704580324,1.05460358286765,NA,16.1770729080779,0.108206939031953,NA
279,813.261336476511,"BMT","UCB",0.0222599190988395,0.00673835111995673,NA,0.220755485536095,0.0725683748633084,NA
285,771.056943775221,"BMT","UCB",0.0729999758104071,1.53109956756192,NA,0.206669239783654,0.0341905774181854,NA
317,784.328942278142,"BMT","UCB",0.0570437704580324,0.46294479955648,NA,11.8761388622615,0.0673591502046226,NA
333,784.328942278142,"BMT","UCB",0.0570437704580324,0.176392533352776,NA,8.80018770070536,0.145200571850001,NA
334,723.42950575491,"BMT","UCB",0.130259866345532,2.88052409736888,NA,0.142659305504313,0.0451747572049802,NA
353,355.691258270567,"BMT","UCB",0.572371654671248,8.72885790985319,NA,0.101735036506895,0.00673796147087475,NA
367,673.718998448453,"BMT","UCB",0.190024118321448,3.80942446605791,NA,0.0987756377146736,0.038842941004289,NA
380,780.849473982061,"BMT","UCB",0.0612269468377712,0.00674405093731776,NA,0.207502796579734,0.0192512999114405,NA
393,593.097298354171,"BMT","UCB",0.286951224083163,7.41382867032627,NA,0.214264667632232,0.00738670430647342,NA
406,824.095148688438,"BMT","UCB",0.00923501313878095,0.223195009009073,NA,0.220656450064872,0.0324472538219268,NA
418,773.107293506046,"BMT","UCB",0.0705349513197823,5.90258946725964,NA,0.298053469524807,0.0130911986709153,NA
422,571.811567770227,"BMT","UCB",0.312541905712458,7.15329264850897,NA,0.280577320409006,0.00673798421951284,NA
427,694.651758797175,"BMT","UCB",0.164857793698766,10.5622371913232,NA,0.139457996759451,0.00718063521591374,NA
445,784.328942278142,"BMT","UCB",0.0570437704580324,0.312054154710622,NA,9.53645797318821,0.201128331694158,NA
476,335.609195826286,"BMT","UCB",0.596515231253903,3.28829136430017,NA,0.0159325539246463,0.0397722675146301,NA
481,784.328942278142,"BMT","UCB",0.0570437704580324,0.439024369464031,NA,15.2785157020105,0.0491294785388578,NA
488,796.641284674664,"BMT","UCB",0.0422413076937073,0.00673832566749679,NA,0.174038450589806,0.0406543984386996,NA
495,521.098243020487,"BMT","UCB",0.373511790815326,4.96850899152395,NA,0.194903470598464,0.0148808333774831,NA
512,799.306727786075,"BMT","UCB",0.0390367897282037,2.74470670526996,NA,0.237972308460726,0.0505875090581817,NA
535,489.718677429132,"BMT","UCB",0.411237743868574,6.69334964497734,NA,0.209522986230062,0.00673799480047413,NA
541,711.123541797522,"BMT","UCB",0.145054660657766,4.42905769864713,NA,0.197227371289302,0.0210615758278929,NA
553,707.039869218376,"BMT","UCB",0.14996423913989,6.99270141955882,NA,0.302462302630108,0.00675277576132091,NA
556,784.328942278142,"BMT","UCB",0.0570437704580324,0.16519975102768,NA,11.6924795539882,0.218969423927476,NA
589,228.744504820639,"BMT","UCB",0.724992864387219,8.38130651424327,NA,0.00901194062603698,0.00673794889973111,NA
595,603.354519410719,"BMT","UCB",0.274619522456843,8.7850970304099,NA,0.173883647753823,0.00673802379778982,NA
607,793.191176958252,"BMT","UCB",0.0463891854378745,0.0135563554826892,NA,20.386034204343,11.0986412191277,NA
633,763.30176565704,"BMT","UCB",0.0823236066539991,4.64020322371441,NA,0.293632632268831,0.0173440412148742,NA
656,784.328942278142,"BMT","UCB",0.0570437704580324,0.927304571023984,NA,14.5173267807876,0.251469755532592,NA
659,689.70282942759,"BMT","UCB",0.170807623581441,6.18981328933877,NA,0.290128799150249,0.00732682770470567,NA
661,819.882706865245,"BMT","UCB",0.0142994039124098,7.60514227227746,NA,21.8721057703076,1.25577215235764,NA
717,766.105083736726,"BMT","UCB",0.0789533290776672,1.20094804556624,NA,0.0889083119501786,0.0854137995690847,NA
730,724.37261087984,"BMT","UCB",0.129126022106553,3.74091073423145,NA,0.173398164782636,0.0298035974343155,NA
738,784.328942278142,"BMT","UCB",0.0570437704580324,0.798371234667857,NA,18.3447227473759,0.197449067326081,NA
739,802.867870922309,"BMT","UCB",0.0347554201094201,0.505321810898456,NA,0.134463236722899,0.0873465387161193,NA
753,821.847116296836,"BMT","UCB",0.0119377007913829,7.57019772945225,NA,0.305621893391731,0.0288759440227801,NA
773,650.766653678199,"BMT","UCB",0.217618479968797,7.54238028982606,NA,0.120487510074669,0.013855693236406,NA
775,826.29696624332,"BMT","UCB",0.00658788708263924,7.1204353590936,NA,0.595437748105491,0.426348897092682,NA
787,612.597004416944,"BMT","UCB",0.263507783053534,7.93238239541732,NA,0.189059381353453,0.00708756153782339,NA
816,784.328942278142,"BMT","UCB",0.0570437704580324,0.250194935835318,NA,11.3939142836981,0.11103908733712,NA
839,795.590688134971,"BMT","UCB",0.0435043830418667,5.70233981095721,NA,11.4851501057784,1.92911297745405,NA
859,827.510798856466,"BMT","UCB",0.00512856183976029,6.74481062132915,NA,0.213009520097798,0.0109970363728206,NA
862,796.831722637311,"BMT","UCB",0.0420123544401176,0.732062558811431,NA,0.23394152475014,0.0492395919043749,NA
888,641.850979854953,"BMT","UCB",0.228337311977947,4.24007489719818,NA,0.14998694816022,0.0204580191567338,NA
897,743.54034884453,"BMT","UCB",0.106081688350956,6.40486356315087,NA,0.216521875420531,0.0156552624015898,NA
915,766.91586649273,"BMT","UCB",0.0779785688598967,0.874679297047192,NA,0.199276472333092,0.0304390838323443,NA
923,800.723466377615,"BMT","UCB",0.0373335216113284,1.80120481655636,NA,0.33243016890264,0.0583528557285795,NA
963,793.199656978409,"BMT","UCB",0.0463789903686853,1.64242527079002,NA,2.85597016687953,0.433927093613486,NA
976,769.121333981629,"BMT","UCB",0.0753270546856666,0.00673801825308464,NA,0.159040508615765,0.0411936104019473,NA
983,784.328942278142,"BMT","UCB",0.0570437704580324,0.316891067238545,NA,19.4582473585196,0.17366970361382,NA
1102,813.516737712466,"BMT","epsilonGreedy",0.0219528640183818,0.248153331934167,NA,NA,0.127582575379009,NA
111,824.81555255796,"BMT","epsilonGreedy",0.00836891056378475,0.164625800630641,NA,NA,0.0366122047917611,NA
115,834.124825727695,"BMT","epsilonGreedy",-0.00282312463309697,5.81760004138525,NA,NA,10.222262811729,NA
1154,715.667416432316,"BMT","epsilonGreedy",0.139591806156067,0.502436253492142,NA,NA,0.169433261386265,NA
1155,743.953311985202,"BMT","epsilonGreedy",0.105585205121691,12.6630731397123,NA,NA,0.20290219884707,NA
1164,834.235849894123,"BMT","epsilonGreedy",-0.00295660297836742,10.0772935310938,NA,NA,11.8389102279511,NA
117,628.158987015566,"BMT","epsilonGreedy",0.244798453785674,0.174534679737165,NA,NA,0.0805529219807068,NA
1175,714.302101328145,"BMT","epsilonGreedy",0.141233250597767,5.97379968058595,NA,NA,0.202913528283544,NA
1176,829.486625678295,"BMT","epsilonGreedy",0.00275313220850271,6.84716426116761,NA,NA,8.56074946198072,NA
1194,819.992695021441,"BMT","epsilonGreedy",0.0141671711061588,14.8857966452233,NA,NA,0.150990104377501,NA
1196,741.537069303911,"BMT","epsilonGreedy",0.108490122899926,1.6001041915348,NA,NA,0.0505383793816786,NA
1214,835.061286362826,"BMT","epsilonGreedy",-0.00394898056167303,6.16378708682815,NA,NA,8.33670114433205,NA
1215,821.964016311136,"BMT","epsilonGreedy",0.0117971582322905,3.09162520036636,NA,NA,0.207868261037477,NA
1224,832.542111509266,"BMT","epsilonGreedy",-0.000920313004703743,3.96372718751419,NA,NA,12.409068942655,NA
1260,835.608235519715,"BMT","epsilonGreedy",-0.00460654792522508,6.5759924993245,NA,NA,2.36196101038925,NA
1266,836.569145140665,"BMT","epsilonGreedy",-0.00576179754596406,5.23319687514212,NA,NA,6.61593052309152,NA
1288,680.01373224235,"BMT","epsilonGreedy",0.182456300631306,0.187679411484374,NA,NA,0.190659962383384,NA
1300,608.247348199602,"BMT","epsilonGreedy",0.268737139265476,2.86943353493346,NA,NA,0.131856707025921,NA
1312,836.358189980001,"BMT","epsilonGreedy",-0.00550817757584765,2.07768102199415,NA,NA,7.72642153949287,NA
1319,838.2468775477,"BMT","epsilonGreedy",-0.0077788443989375,4.93940853561114,NA,NA,3.86911042003905,NA
1325,836.975951930758,"BMT","epsilonGreedy",-0.00625087932818658,0.664224964791972,NA,NA,16.5977366678554,NA
1326,709.017778488465,"BMT","epsilonGreedy",0.147586305893818,19.896595632446,NA,NA,0.211632641172637,NA
1345,836.171239270017,"BMT","epsilonGreedy",-0.00528341685736033,8.49210990754947,NA,NA,1.27975564565747,NA
1348,748.698994008146,"BMT","epsilonGreedy",0.0998797285215767,2.11236056236017,NA,NA,0.220788512009222,NA
1374,830.529814581462,"BMT","epsilonGreedy",0.00149896266074534,3.43734186543791,NA,NA,16.1982171947203,NA
1379,792.462738730786,"BMT","epsilonGreedy",0.0472649472865075,2.37388650354971,NA,NA,0.217569111013826,NA
1388,833.772570601315,"BMT","epsilonGreedy",-0.0023996273631337,2.98524850943705,NA,NA,4.38635041088367,NA
1391,836.45744665964,"BMT","epsilonGreedy",-0.00562750850875582,8.56305765862736,NA,NA,12.0550964457446,NA
1452,646.314137013985,"BMT","epsilonGreedy",0.222971499727911,10.2629345288782,NA,NA,0.19084023874236,NA
1454,689.235153845798,"BMT","epsilonGreedy",0.171369884616937,5.12758304348757,NA,NA,0.144147615957518,NA
1455,832.862847144456,"BMT","epsilonGreedy",-0.0013059160966411,13.8835932079713,NA,NA,7.18608774043967,NA
1466,832.668567787714,"BMT","epsilonGreedy",-0.00107234454287553,9.06889712591038,NA,NA,3.90159206229335,NA
1532,838.359510411678,"BMT","epsilonGreedy",-0.00791425679418922,7.8510940708249,NA,NA,0.49617741428472,NA
1543,834.229861877498,"BMT","epsilonGreedy",-0.0029494039101261,7.72758832860832,NA,NA,6.10477014790883,NA
1586,834.573682826178,"BMT","epsilonGreedy",-0.00336276122480483,1.87343338332611,NA,NA,0.359955500729063,NA
1590,779.336217597294,"BMT","epsilonGreedy",0.0630462530726853,0.111273539496387,NA,NA,0.153197912715015,NA
1596,838.810711858228,"BMT","epsilonGreedy",-0.00845671186867247,3.34409158539862,NA,NA,5.71203979053364,NA
1631,836.459939717506,"BMT","epsilonGreedy",-0.00563050577727275,4.23027349874844,NA,NA,0.242039691809106,NA
1663,835.125110386057,"BMT","epsilonGreedy",-0.00402571272984376,15.9695859997348,NA,NA,3.04366017804633,NA
168,795.234843396202,"BMT","epsilonGreedy",0.0439321959084902,9.98899219698979,NA,NA,0.304508785815795,NA
1693,836.448638890341,"BMT","epsilonGreedy",-0.00561691940451525,3.32904028237812,NA,NA,0.277386038977828,NA
1706,833.038599186567,"BMT","epsilonGreedy",-0.00151721326295773,0.831201997981885,NA,NA,2.32019655172834,NA
1720,835.892799935894,"BMT","epsilonGreedy",-0.0049486643185872,0.140498424605753,NA,NA,0.180890366074771,NA
1722,825.20919119851,"BMT","epsilonGreedy",0.00789566013493026,1.07405113306462,NA,NA,0.168106423406462,NA
1732,834.27111828412,"BMT","epsilonGreedy",-0.0029990042544914,4.18510170233145,NA,NA,6.80457742977452,NA
212,829.114287596886,"BMT","epsilonGreedy",0.00320077412815589,4.84861529239857,NA,NA,0.18027732976304,NA
227,831.322499503734,"BMT","epsilonGreedy",0.000545960488787522,8.86753177338761,NA,NA,12.5934430129873,NA
234,664.69419333461,"BMT","epsilonGreedy",0.200874152973724,0.0912493625739501,NA,NA,0.179654328420588,NA
239,835.597276251332,"BMT","epsilonGreedy",-0.0045933721901017,1.44369525410202,NA,NA,1.9901161793826,NA
250,764.931735907648,"BMT","epsilonGreedy",0.0803639816562086,1.46502040775118,NA,NA,0.0920487286452226,NA
256,709.298544239207,"BMT","epsilonGreedy",0.14724875643028,3.59816128267434,NA,NA,0.173170453662764,NA
271,788.005124187736,"BMT","epsilonGreedy",0.052624095949384,0.287389906034534,NA,NA,0.0629247553125115,NA
274,834.542105781757,"BMT","epsilonGreedy",-0.00332479785364459,2.26609090641285,NA,NA,0.246305301771446,NA
275,831.485936632057,"BMT","epsilonGreedy",0.000349468876680303,7.39647313698461,NA,NA,8.78812282298889,NA
279,835.584056232402,"BMT","epsilonGreedy",-0.00457747847697609,6.17757124983638,NA,NA,2.44688255514948,NA
285,810.30042651833,"BMT","epsilonGreedy",0.0258196608598279,1.85777102527111,NA,NA,0.130264914140909,NA
317,835.791214220874,"BMT","epsilonGreedy",-0.00482653331251703,2.14543670689753,NA,NA,4.73232104462845,NA
333,834.685365622471,"BMT","epsilonGreedy",-0.0034970314051086,1.35840712785513,NA,NA,6.65553569863772,NA
334,743.464220282973,"BMT","epsilonGreedy",0.10617321359948,1.48306883820978,NA,NA,0.115360491158327,NA
353,522.864829386668,"BMT","epsilonGreedy",0.371387919657167,6.66508296225352,NA,NA,0.127959829977353,NA
367,746.796983801678,"BMT","epsilonGreedy",0.10216641243207,14.8636011778808,NA,NA,0.120363263258987,NA
380,828.293550755554,"BMT","epsilonGreedy",0.00418750160387615,0.144476902796481,NA,NA,0.210766126766432,NA
393,683.194119917455,"BMT","epsilonGreedy",0.178632692692157,0.0751094595567403,NA,NA,0.0910850540961708,NA
406,835.308863124431,"BMT","epsilonGreedy",-0.00424662870017878,5.34301476850606,NA,NA,0.440316114157314,NA
418,825.858524904107,"BMT","epsilonGreedy",0.00711500137080812,4.0151156354968,NA,NA,0.214379195101434,NA
422,678.743683421323,"BMT","epsilonGreedy",0.183983211577791,3.20243437042939,NA,NA,0.207168660950892,NA
427,747.120406813849,"BMT","epsilonGreedy",0.101777578452262,0.310536418408034,NA,NA,0.079892323909889,NA
445,835.295205771417,"BMT","epsilonGreedy",-0.00423020920395811,1.88791485376472,NA,NA,10.1361206074029,NA
476,371.496883640904,"BMT","epsilonGreedy",0.55336940688797,8.46380249183792,NA,NA,0.0216256838257215,NA
481,832.730758722261,"BMT","epsilonGreedy",-0.00114711333692474,5.02364757950348,NA,NA,7.25118152167497,NA
488,824.373528298816,"BMT","epsilonGreedy",0.00890033240263399,5.05619732051768,NA,NA,0.216033606105596,NA
495,604.139429287274,"BMT","epsilonGreedy",0.273675867801468,0.951172007835041,NA,NA,0.116287265707682,NA
512,836.803807127191,"BMT","epsilonGreedy",-0.00604391894950274,4.51576053756866,NA,NA,0.236272149393428,NA
535,611.000172642731,"BMT","epsilonGreedy",0.265427567455026,5.60436796681515,NA,NA,0.174885787784529,NA
541,749.702061086753,"BMT","epsilonGreedy",0.0986737952715895,14.0690063263568,NA,NA,0.16869324978409,NA
553,775.889846463482,"BMT","epsilonGreedy",0.0671896385258627,5.38562207740645,NA,NA,0.249358947472397,NA
556,838.930004588127,"BMT","epsilonGreedy",-0.00860013106020507,7.4512855837782,NA,NA,13.3691095049928,NA
589,407.503897328059,"BMT","epsilonGreedy",0.510080123484903,8.60188056623632,NA,NA,0.0410843049114967,NA
595,685.085538313414,"BMT","epsilonGreedy",0.176358742742076,8.84377105401792,NA,NA,0.067286827921388,NA
607,839.009219664562,"BMT","epsilonGreedy",-0.00869536705848528,4.85790510269051,NA,NA,13.2368539999776,NA
633,811.643227347404,"BMT","epsilonGreedy",0.024205284112322,0.223876194492843,NA,NA,0.180155453172221,NA
656,838.166341759818,"BMT","epsilonGreedy",-0.00768202058077794,5.94329985409702,NA,NA,4.35829137865362,NA
659,796.190678010567,"BMT","epsilonGreedy",0.042783047693445,3.23858762690248,NA,NA,0.124740100612207,NA
661,828.06565721649,"BMT","epsilonGreedy",0.00446148566942461,4.69301099248694,NA,NA,10.753541343038,NA
717,760.674262201665,"BMT","epsilonGreedy",0.0854825118248226,0.36098516097198,NA,NA,0.0569786299043479,NA
730,739.493119647834,"BMT","epsilonGreedy",0.110947452927135,0.432696317021113,NA,NA,0.10375781594044,NA
738,836.82356659243,"BMT","epsilonGreedy",-0.00606767468492841,4.46085238076861,NA,NA,12.5365409861745,NA
739,817.499954025521,"BMT","epsilonGreedy",0.0171640586670208,0.169514367531541,NA,NA,0.114550548375618,NA
753,848.763358375402,"BMT","epsilonGreedy",-0.020422240013712,4.72452781078571,NA,NA,0.409331662810138,NA
773,668.456786982202,"BMT","epsilonGreedy",0.196350590310172,16.3861861728268,NA,NA,0.134156857617406,NA
775,837.070400053036,"BMT","epsilonGreedy",-0.00636442919287972,6.38575151096346,NA,NA,1.61806831590788,NA
787,720.462729263554,"BMT","epsilonGreedy",0.133826661121785,4.4714775849357,NA,NA,0.129530375635509,NA
816,834.893184856006,"BMT","epsilonGreedy",-0.00374688121979383,4.63877548047207,NA,NA,7.51824394244391,NA
839,837.738282886573,"BMT","epsilonGreedy",-0.00716738856941213,3.70422899158165,NA,NA,8.76485578528114,NA
859,804.531916000938,"BMT","epsilonGreedy",0.0327548287904585,0.845863776100083,NA,NA,0.161107446228547,NA
862,835.942331863706,"BMT","epsilonGreedy",-0.00500821387410411,0.767482987859743,NA,NA,0.941047817403853,NA
888,683.361880105973,"BMT","epsilonGreedy",0.178431003698795,10.6774087959564,NA,NA,0.129576137281316,NA
897,770.140753917186,"BMT","epsilonGreedy",0.0741014612809905,0.0712554481541584,NA,NA,0.115380235873213,NA
915,815.673996209575,"BMT","epsilonGreedy",0.0193593089053025,24.5825178911921,NA,NA,0.354801759659008,NA
923,836.476637944365,"BMT","epsilonGreedy",-0.00565058115150685,2.65129154290577,NA,NA,5.1064025118002,NA
963,837.029095009366,"BMT","epsilonGreedy",-0.00631477037482453,12.5288197921575,NA,NA,16.0575079695478,NA
976,801.152117367338,"BMT","epsilonGreedy",0.0368181777303737,1.46938704822813,NA,NA,0.206023342580278,NA
983,832.527298994857,"BMT","epsilonGreedy",-0.000902504720469599,4.93182307482421,NA,NA,4.20834786731223,NA
