"lambda","beta","tau","mu","replication"
0.204413870080183,0.126856491916401,0.00673794699908547,33.6777073344838,1
0.204413870080183,0.126856491916401,0.00673794699908547,29.8529609465338,2
0.204413870080183,0.126856491916401,0.00673794699908547,36.8735561883487,3
0.204413870080183,0.126856491916401,0.00673794699908547,36.9582338883032,4
0.204413870080183,0.126856491916401,0.00673794699908547,50,5
0.204413870080183,0.126856491916401,0.00673794699908547,36.0720066389164,6
0.204413870080183,0.126856491916401,0.00673794699908547,46.8660688583026,7
0.204413870080183,0.126856491916401,0.00673794699908547,27.9560004357313,8
0.204413870080183,0.126856491916401,0.00673794699908547,34.3302287154077,9
0.204413870080183,0.126856491916401,0.00673794699908547,39.7031576647737,10
0.333562290169942,0.126856491916401,0.00673794699908547,45.5470639410883,1
0.333562290169942,0.126856491916401,0.00673794699908547,37.6649376243191,2
0.333562290169942,0.126856491916401,0.00673794699908547,41.2391238915619,3
0.333562290169942,0.126856491916401,0.00673794699908547,22.2025054932682,4
0.333562290169942,0.126856491916401,0.00673794699908547,38.5951058102401,5
0.333562290169942,0.126856491916401,0.00673794699908547,34.1859651623555,6
0.333562290169942,0.126856491916401,0.00673794699908547,42.0065449257252,7
0.333562290169942,0.126856491916401,0.00673794699908547,35.5544581064306,8
0.333562290169942,0.126856491916401,0.00673794699908547,32.3983435612168,9
0.333562290169942,0.126856491916401,0.00673794699908547,41.8590401496256,10
0.544306515892354,0.126856491916401,0.00673794699908547,35.457446441097,1
0.544306515892354,0.126856491916401,0.00673794699908547,34.7202336739457,2
0.544306515892354,0.126856491916401,0.00673794699908547,45.2871186205439,3
0.544306515892354,0.126856491916401,0.00673794699908547,35.6393735295052,4
0.544306515892354,0.126856491916401,0.00673794699908547,34.0803004081045,5
0.544306515892354,0.126856491916401,0.00673794699908547,37.8503479725042,6
0.544306515892354,0.126856491916401,0.00673794699908547,31.8212433686656,7
0.544306515892354,0.126856491916401,0.00673794699908547,46.5619042176478,8
0.544306515892354,0.126856491916401,0.00673794699908547,44.1480810649857,9
0.544306515892354,0.126856491916401,0.00673794699908547,28.5346799474553,10
0.88819867225378,0.126856491916401,0.00673794699908547,41.4260693996631,1
0.88819867225378,0.126856491916401,0.00673794699908547,48.6569585967313,2
0.88819867225378,0.126856491916401,0.00673794699908547,37.7510829706607,3
0.88819867225378,0.126856491916401,0.00673794699908547,34.0420834394605,4
0.88819867225378,0.126856491916401,0.00673794699908547,50,5
0.88819867225378,0.126856491916401,0.00673794699908547,38.4151304110431,6
0.88819867225378,0.126856491916401,0.00673794699908547,40.1648362840095,7
0.88819867225378,0.126856491916401,0.00673794699908547,35.131883248453,8
0.88819867225378,0.126856491916401,0.00673794699908547,43.5353674892645,9
0.88819867225378,0.126856491916401,0.00673794699908547,39.9567788594834,10
1.44936145050558,0.126856491916401,0.00673794699908547,47.6170227953789,1
1.44936145050558,0.126856491916401,0.00673794699908547,31.422397639077,2
1.44936145050558,0.126856491916401,0.00673794699908547,39.5976038373015,3
1.44936145050558,0.126856491916401,0.00673794699908547,32.3066011290583,4
1.44936145050558,0.126856491916401,0.00673794699908547,48.94126264896,5
1.44936145050558,0.126856491916401,0.00673794699908547,38.7255733487341,6
1.44936145050558,0.126856491916401,0.00673794699908547,38.745795915276,7
1.44936145050558,0.126856491916401,0.00673794699908547,31.3447402491789,8
1.44936145050558,0.126856491916401,0.00673794699908547,38.9782680365723,9
1.44936145050558,0.126856491916401,0.00673794699908547,36.5609277826104,10
0.204413870080183,0.226811476703398,0.00673794699908547,40.4091332765471,1
0.204413870080183,0.226811476703398,0.00673794699908547,38.6821947152771,2
0.204413870080183,0.226811476703398,0.00673794699908547,26.460657617996,3
0.204413870080183,0.226811476703398,0.00673794699908547,37.5742076367242,4
0.204413870080183,0.226811476703398,0.00673794699908547,34.7368517403087,5
0.204413870080183,0.226811476703398,0.00673794699908547,43.5960317966331,6
0.204413870080183,0.226811476703398,0.00673794699908547,43.1818451720291,7
0.204413870080183,0.226811476703398,0.00673794699908547,39.2604073036205,8
0.204413870080183,0.226811476703398,0.00673794699908547,37.7486251939386,9
0.204413870080183,0.226811476703398,0.00673794699908547,37.8913340929802,10
0.333562290169942,0.226811476703398,0.00673794699908547,49.5401734864714,1
0.333562290169942,0.226811476703398,0.00673794699908547,27.5050385464734,2
0.333562290169942,0.226811476703398,0.00673794699908547,36.1929009194316,3
0.333562290169942,0.226811476703398,0.00673794699908547,37.4961812439752,4
0.333562290169942,0.226811476703398,0.00673794699908547,48.8832483689455,5
0.333562290169942,0.226811476703398,0.00673794699908547,33.6162157661754,6
0.333562290169942,0.226811476703398,0.00673794699908547,34.0220280519402,7
0.333562290169942,0.226811476703398,0.00673794699908547,45.8472300020379,8
0.333562290169942,0.226811476703398,0.00673794699908547,43.8241589466332,9
0.333562290169942,0.226811476703398,0.00673794699908547,42.6574987183864,10
0.544306515892354,0.226811476703398,0.00673794699908547,40.0033084506251,1
0.544306515892354,0.226811476703398,0.00673794699908547,35.2783440407185,2
0.544306515892354,0.226811476703398,0.00673794699908547,36.4002262356138,3
0.544306515892354,0.226811476703398,0.00673794699908547,39.4896582001634,4
0.544306515892354,0.226811476703398,0.00673794699908547,27.7147567375023,5
0.544306515892354,0.226811476703398,0.00673794699908547,39.323005825672,6
0.544306515892354,0.226811476703398,0.00673794699908547,39.0075490830713,7
0.544306515892354,0.226811476703398,0.00673794699908547,37.2862681938808,8
0.544306515892354,0.226811476703398,0.00673794699908547,28.4191189824315,9
0.544306515892354,0.226811476703398,0.00673794699908547,49.0876084648192,10
0.88819867225378,0.226811476703398,0.00673794699908547,45.7423971265587,1
0.88819867225378,0.226811476703398,0.00673794699908547,48.4241359347237,2
0.88819867225378,0.226811476703398,0.00673794699908547,47.5878949447611,3
0.88819867225378,0.226811476703398,0.00673794699908547,43.45974353592,4
0.88819867225378,0.226811476703398,0.00673794699908547,49.6863682161014,5
0.88819867225378,0.226811476703398,0.00673794699908547,37.6597051887495,6
0.88819867225378,0.226811476703398,0.00673794699908547,34.4626621692856,7
0.88819867225378,0.226811476703398,0.00673794699908547,46.6130488390131,8
0.88819867225378,0.226811476703398,0.00673794699908547,26.8020719076841,9
0.88819867225378,0.226811476703398,0.00673794699908547,40.2384100458197,10
1.44936145050558,0.226811476703398,0.00673794699908547,40.0456061158254,1
1.44936145050558,0.226811476703398,0.00673794699908547,39.4475348598484,2
1.44936145050558,0.226811476703398,0.00673794699908547,45.7383695987366,3
1.44936145050558,0.226811476703398,0.00673794699908547,37.9882771057881,4
1.44936145050558,0.226811476703398,0.00673794699908547,44.985017455069,5
1.44936145050558,0.226811476703398,0.00673794699908547,38.336155822427,6
1.44936145050558,0.226811476703398,0.00673794699908547,46.4164304194085,7
1.44936145050558,0.226811476703398,0.00673794699908547,42.9022676102979,8
1.44936145050558,0.226811476703398,0.00673794699908547,43.0105884050732,9
1.44936145050558,0.226811476703398,0.00673794699908547,39.2234242892678,10
0.204413870080183,0.405524740493985,0.00673794699908547,24.0109772442729,1
0.204413870080183,0.405524740493985,0.00673794699908547,30.1866678436249,2
0.204413870080183,0.405524740493985,0.00673794699908547,28.8116896481511,3
0.204413870080183,0.405524740493985,0.00673794699908547,50,4
0.204413870080183,0.405524740493985,0.00673794699908547,18.9350208123988,5
0.204413870080183,0.405524740493985,0.00673794699908547,19.4120874022469,6
0.204413870080183,0.405524740493985,0.00673794699908547,22.3949852785805,7
0.204413870080183,0.405524740493985,0.00673794699908547,22.6780976816991,8
0.204413870080183,0.405524740493985,0.00673794699908547,38.8480079414821,9
0.204413870080183,0.405524740493985,0.00673794699908547,45.021737286411,10
0.333562290169942,0.405524740493985,0.00673794699908547,19.2622233549845,1
0.333562290169942,0.405524740493985,0.00673794699908547,31.3747124811976,2
0.333562290169942,0.405524740493985,0.00673794699908547,40.7348715157872,3
0.333562290169942,0.405524740493985,0.00673794699908547,37.0130388337643,4
0.333562290169942,0.405524740493985,0.00673794699908547,33.606318748458,5
0.333562290169942,0.405524740493985,0.00673794699908547,43.9607605403773,6
0.333562290169942,0.405524740493985,0.00673794699908547,45.4529941414487,7
0.333562290169942,0.405524740493985,0.00673794699908547,36.3743461054476,8
0.333562290169942,0.405524740493985,0.00673794699908547,19.2767348545802,9
0.333562290169942,0.405524740493985,0.00673794699908547,22.0334455661102,10
0.544306515892354,0.405524740493985,0.00673794699908547,47.7366629666821,1
0.544306515892354,0.405524740493985,0.00673794699908547,34.5058453782528,2
0.544306515892354,0.405524740493985,0.00673794699908547,44.842827456278,3
0.544306515892354,0.405524740493985,0.00673794699908547,44.4050241507688,4
0.544306515892354,0.405524740493985,0.00673794699908547,44.8468552058349,5
0.544306515892354,0.405524740493985,0.00673794699908547,24.7954290849268,6
0.544306515892354,0.405524740493985,0.00673794699908547,47.243151180321,7
0.544306515892354,0.405524740493985,0.00673794699908547,38.7220324094708,8
0.544306515892354,0.405524740493985,0.00673794699908547,49.1806466861968,9
0.544306515892354,0.405524740493985,0.00673794699908547,44.5937541154043,10
0.88819867225378,0.405524740493985,0.00673794699908547,46.7714834813555,1
0.88819867225378,0.405524740493985,0.00673794699908547,44.5004892574062,2
0.88819867225378,0.405524740493985,0.00673794699908547,47.2078817995842,3
0.88819867225378,0.405524740493985,0.00673794699908547,33.417924741804,4
0.88819867225378,0.405524740493985,0.00673794699908547,45.5875458751606,5
0.88819867225378,0.405524740493985,0.00673794699908547,44.6462023184366,6
0.88819867225378,0.405524740493985,0.00673794699908547,34.9454330393734,7
0.88819867225378,0.405524740493985,0.00673794699908547,42.7844298835543,8
0.88819867225378,0.405524740493985,0.00673794699908547,41.780383441431,9
0.88819867225378,0.405524740493985,0.00673794699908547,44.4879016773529,10
1.44936145050558,0.405524740493985,0.00673794699908547,39.496071839508,1
1.44936145050558,0.405524740493985,0.00673794699908547,45.4831401961548,2
1.44936145050558,0.405524740493985,0.00673794699908547,32.5598931847268,3
1.44936145050558,0.405524740493985,0.00673794699908547,39.6471939332344,4
1.44936145050558,0.405524740493985,0.00673794699908547,46.1343335927996,5
1.44936145050558,0.405524740493985,0.00673794699908547,32.8126424533948,6
1.44936145050558,0.405524740493985,0.00673794699908547,38.9139515695533,7
1.44936145050558,0.405524740493985,0.00673794699908547,46.1554741822739,8
1.44936145050558,0.405524740493985,0.00673794699908547,47.2303551496389,9
1.44936145050558,0.405524740493985,0.00673794699908547,47.0402700645502,10
0.204413870080183,0.725052883314922,0.00673794699908547,19.7431583534359,1
0.204413870080183,0.725052883314922,0.00673794699908547,15.0249529709819,2
0.204413870080183,0.725052883314922,0.00673794699908547,22.198267412581,3
0.204413870080183,0.725052883314922,0.00673794699908547,19.7825320318298,4
0.204413870080183,0.725052883314922,0.00673794699908547,23.9295130845507,5
0.204413870080183,0.725052883314922,0.00673794699908547,25.2737194015686,6
0.204413870080183,0.725052883314922,0.00673794699908547,18.0695859362089,7
0.204413870080183,0.725052883314922,0.00673794699908547,19.547370496462,8
0.204413870080183,0.725052883314922,0.00673794699908547,18.413177990186,9
0.204413870080183,0.725052883314922,0.00673794699908547,22.5687226066829,10
0.333562290169942,0.725052883314922,0.00673794699908547,21.3643413127436,1
0.333562290169942,0.725052883314922,0.00673794699908547,24.2054559388726,2
0.333562290169942,0.725052883314922,0.00673794699908547,19.1381121392743,3
0.333562290169942,0.725052883314922,0.00673794699908547,25.8922669968706,4
0.333562290169942,0.725052883314922,0.00673794699908547,20.2371756829309,5
0.333562290169942,0.725052883314922,0.00673794699908547,21.6151362718795,6
0.333562290169942,0.725052883314922,0.00673794699908547,21.3101027976228,7
0.333562290169942,0.725052883314922,0.00673794699908547,19.0813964354342,8
0.333562290169942,0.725052883314922,0.00673794699908547,27.3068128511456,9
0.333562290169942,0.725052883314922,0.00673794699908547,25.1185463638095,10
0.544306515892354,0.725052883314922,0.00673794699908547,26.3996324830365,1
0.544306515892354,0.725052883314922,0.00673794699908547,23.3242256485251,2
0.544306515892354,0.725052883314922,0.00673794699908547,26.2999918986534,3
0.544306515892354,0.725052883314922,0.00673794699908547,30.2084664736304,4
0.544306515892354,0.725052883314922,0.00673794699908547,31.7903997919603,5
0.544306515892354,0.725052883314922,0.00673794699908547,30.4410476741143,6
0.544306515892354,0.725052883314922,0.00673794699908547,21.6644293004007,7
0.544306515892354,0.725052883314922,0.00673794699908547,20.6397203294669,8
0.544306515892354,0.725052883314922,0.00673794699908547,29.8752565824455,9
0.544306515892354,0.725052883314922,0.00673794699908547,20.7198440939588,10
0.88819867225378,0.725052883314922,0.00673794699908547,28.2468256243136,1
0.88819867225378,0.725052883314922,0.00673794699908547,28.2708564982253,2
0.88819867225378,0.725052883314922,0.00673794699908547,28.5647195042086,3
0.88819867225378,0.725052883314922,0.00673794699908547,22.0713989965582,4
0.88819867225378,0.725052883314922,0.00673794699908547,29.4000594467194,5
0.88819867225378,0.725052883314922,0.00673794699908547,29.464990637497,6
0.88819867225378,0.725052883314922,0.00673794699908547,23.8253576822921,7
0.88819867225378,0.725052883314922,0.00673794699908547,31.1358793948416,8
0.88819867225378,0.725052883314922,0.00673794699908547,28.8983800736312,9
0.88819867225378,0.725052883314922,0.00673794699908547,29.4527212122247,10
1.44936145050558,0.725052883314922,0.00673794699908547,31.773791619492,1
1.44936145050558,0.725052883314922,0.00673794699908547,34.7910737474243,2
1.44936145050558,0.725052883314922,0.00673794699908547,34.2456088530763,3
1.44936145050558,0.725052883314922,0.00673794699908547,25.5488846982363,4
1.44936145050558,0.725052883314922,0.00673794699908547,30.3563447780497,5
1.44936145050558,0.725052883314922,0.00673794699908547,33.9783067597954,6
1.44936145050558,0.725052883314922,0.00673794699908547,33.4628097004729,7
1.44936145050558,0.725052883314922,0.00673794699908547,27.7114057486972,8
1.44936145050558,0.725052883314922,0.00673794699908547,33.7228122959001,9
1.44936145050558,0.725052883314922,0.00673794699908547,33.4737608035715,10
0.204413870080183,1.29634922634537,0.00673794699908547,25.1116857159234,1
0.204413870080183,1.29634922634537,0.00673794699908547,21.1619439249407,2
0.204413870080183,1.29634922634537,0.00673794699908547,23.1178498764382,3
0.204413870080183,1.29634922634537,0.00673794699908547,22.0976186632023,4
0.204413870080183,1.29634922634537,0.00673794699908547,21.0084200988502,5
0.204413870080183,1.29634922634537,0.00673794699908547,18.8707187647235,6
0.204413870080183,1.29634922634537,0.00673794699908547,20.3097870989569,7
0.204413870080183,1.29634922634537,0.00673794699908547,20.3361064403824,8
0.204413870080183,1.29634922634537,0.00673794699908547,22.886087848171,9
0.204413870080183,1.29634922634537,0.00673794699908547,22.8144456713019,10
0.333562290169942,1.29634922634537,0.00673794699908547,19.6689980180548,1
0.333562290169942,1.29634922634537,0.00673794699908547,19.3309496314754,2
0.333562290169942,1.29634922634537,0.00673794699908547,20.8617712940217,3
0.333562290169942,1.29634922634537,0.00673794699908547,21.949281142626,4
0.333562290169942,1.29634922634537,0.00673794699908547,26.8984481645219,5
0.333562290169942,1.29634922634537,0.00673794699908547,20.2684075270009,6
0.333562290169942,1.29634922634537,0.00673794699908547,26.9877559108132,7
0.333562290169942,1.29634922634537,0.00673794699908547,25.3918464482773,8
0.333562290169942,1.29634922634537,0.00673794699908547,23.1842565311346,9
0.333562290169942,1.29634922634537,0.00673794699908547,19.4376645993449,10
0.544306515892354,1.29634922634537,0.00673794699908547,29.426796091082,1
0.544306515892354,1.29634922634537,0.00673794699908547,30.5053048705951,2
0.544306515892354,1.29634922634537,0.00673794699908547,31.7158464271248,3
0.544306515892354,1.29634922634537,0.00673794699908547,23.4471709166074,4
0.544306515892354,1.29634922634537,0.00673794699908547,19.780583041138,5
0.544306515892354,1.29634922634537,0.00673794699908547,29.2264877970725,6
0.544306515892354,1.29634922634537,0.00673794699908547,22.1332228062499,7
0.544306515892354,1.29634922634537,0.00673794699908547,28.6937031705022,8
0.544306515892354,1.29634922634537,0.00673794699908547,28.3124646300035,9
0.544306515892354,1.29634922634537,0.00673794699908547,22.1490494462023,10
0.88819867225378,1.29634922634537,0.00673794699908547,25.7658406804861,1
0.88819867225378,1.29634922634537,0.00673794699908547,27.0736922816719,2
0.88819867225378,1.29634922634537,0.00673794699908547,23.0932381995997,3
0.88819867225378,1.29634922634537,0.00673794699908547,25.8106927914821,4
0.88819867225378,1.29634922634537,0.00673794699908547,25.267697027598,5
0.88819867225378,1.29634922634537,0.00673794699908547,23.6758980043185,6
0.88819867225378,1.29634922634537,0.00673794699908547,21.2921761957396,7
0.88819867225378,1.29634922634537,0.00673794699908547,28.6323137449709,8
0.88819867225378,1.29634922634537,0.00673794699908547,29.3340274150631,9
0.88819867225378,1.29634922634537,0.00673794699908547,27.100598444718,10
1.44936145050558,1.29634922634537,0.00673794699908547,26.7991064293786,1
1.44936145050558,1.29634922634537,0.00673794699908547,26.5983840452672,2
1.44936145050558,1.29634922634537,0.00673794699908547,28.858849439468,3
1.44936145050558,1.29634922634537,0.00673794699908547,24.7093928667254,4
1.44936145050558,1.29634922634537,0.00673794699908547,28.4003032828115,5
1.44936145050558,1.29634922634537,0.00673794699908547,23.8610333689008,6
1.44936145050558,1.29634922634537,0.00673794699908547,27.7778369890671,7
1.44936145050558,1.29634922634537,0.00673794699908547,28.0668427380701,8
1.44936145050558,1.29634922634537,0.00673794699908547,27.8809225312447,9
1.44936145050558,1.29634922634537,0.00673794699908547,23.585225425654,10
0.204413870080183,0.126856491916401,0.0195771344010022,27.3057447948125,1
0.204413870080183,0.126856491916401,0.0195771344010022,41.3284220340024,2
0.204413870080183,0.126856491916401,0.0195771344010022,45.9912897560023,3
0.204413870080183,0.126856491916401,0.0195771344010022,47.4332679385017,4
0.204413870080183,0.126856491916401,0.0195771344010022,40.2538916483727,5
0.204413870080183,0.126856491916401,0.0195771344010022,42.6574987183864,6
0.204413870080183,0.126856491916401,0.0195771344010022,35.6632097273043,7
0.204413870080183,0.126856491916401,0.0195771344010022,46.32149643539,8
0.204413870080183,0.126856491916401,0.0195771344010022,30.212032339773,9
0.204413870080183,0.126856491916401,0.0195771344010022,26.2676244256749,10
0.333562290169942,0.126856491916401,0.0195771344010022,33.163554315112,1
0.333562290169942,0.126856491916401,0.0195771344010022,42.910332518464,2
0.333562290169942,0.126856491916401,0.0195771344010022,48.9948386776077,3
0.333562290169942,0.126856491916401,0.0195771344010022,37.999997790157,4
0.333562290169942,0.126856491916401,0.0195771344010022,36.6434942248292,5
0.333562290169942,0.126856491916401,0.0195771344010022,36.5506693216244,6
0.333562290169942,0.126856491916401,0.0195771344010022,26.326438721418,7
0.333562290169942,0.126856491916401,0.0195771344010022,27.1073544793379,8
0.333562290169942,0.126856491916401,0.0195771344010022,41.5273983061069,9
0.333562290169942,0.126856491916401,0.0195771344010022,30.8680981003075,10
0.544306515892354,0.126856491916401,0.0195771344010022,37.9209435419257,1
0.544306515892354,0.126856491916401,0.0195771344010022,48.7217941722462,2
0.544306515892354,0.126856491916401,0.0195771344010022,41.458204756839,3
0.544306515892354,0.126856491916401,0.0195771344010022,36.4083246842146,4
0.544306515892354,0.126856491916401,0.0195771344010022,33.7470807630086,5
0.544306515892354,0.126856491916401,0.0195771344010022,35.4396161739984,6
0.544306515892354,0.126856491916401,0.0195771344010022,33.657777172821,7
0.544306515892354,0.126856491916401,0.0195771344010022,34.0381724865928,8
0.544306515892354,0.126856491916401,0.0195771344010022,33.3341134398559,9
0.544306515892354,0.126856491916401,0.0195771344010022,37.1877117133169,10
0.88819867225378,0.126856491916401,0.0195771344010022,44.3131056252153,1
0.88819867225378,0.126856491916401,0.0195771344010022,36.0472769695805,2
0.88819867225378,0.126856491916401,0.0195771344010022,46.7881007453346,3
0.88819867225378,0.126856491916401,0.0195771344010022,31.4983816220353,4
0.88819867225378,0.126856491916401,0.0195771344010022,39.8337957778905,5
0.88819867225378,0.126856491916401,0.0195771344010022,43.5255302400399,6
0.88819867225378,0.126856491916401,0.0195771344010022,33.5248610508054,7
0.88819867225378,0.126856491916401,0.0195771344010022,28.0291463318212,8
0.88819867225378,0.126856491916401,0.0195771344010022,41.6749741049849,9
0.88819867225378,0.126856491916401,0.0195771344010022,36.7775244517878,10
1.44936145050558,0.126856491916401,0.0195771344010022,38.6963923680021,1
1.44936145050558,0.126856491916401,0.0195771344010022,39.1131694999171,2
1.44936145050558,0.126856491916401,0.0195771344010022,47.9813712991763,3
1.44936145050558,0.126856491916401,0.0195771344010022,34.3030633129553,4
1.44936145050558,0.126856491916401,0.0195771344010022,31.2111274635728,5
1.44936145050558,0.126856491916401,0.0195771344010022,44.7669534497946,6
1.44936145050558,0.126856491916401,0.0195771344010022,38.0853982090327,7
1.44936145050558,0.126856491916401,0.0195771344010022,35.0672977309208,8
1.44936145050558,0.126856491916401,0.0195771344010022,30.2879578598524,9
1.44936145050558,0.126856491916401,0.0195771344010022,45.1797918410417,10
0.204413870080183,0.226811476703398,0.0195771344010022,23.0920368012714,1
0.204413870080183,0.226811476703398,0.0195771344010022,34.1035875399477,2
0.204413870080183,0.226811476703398,0.0195771344010022,27.1718819600495,3
0.204413870080183,0.226811476703398,0.0195771344010022,39.818444531718,4
0.204413870080183,0.226811476703398,0.0195771344010022,41.8199969660148,5
0.204413870080183,0.226811476703398,0.0195771344010022,47.9688213328667,6
0.204413870080183,0.226811476703398,0.0195771344010022,29.4032049932669,7
0.204413870080183,0.226811476703398,0.0195771344010022,21.2361159961516,8
0.204413870080183,0.226811476703398,0.0195771344010022,24.771020557949,9
0.204413870080183,0.226811476703398,0.0195771344010022,43.143816229223,10
0.333562290169942,0.226811476703398,0.0195771344010022,39.1212922424397,1
0.333562290169942,0.226811476703398,0.0195771344010022,21.7984500579645,2
0.333562290169942,0.226811476703398,0.0195771344010022,33.8612729254369,3
0.333562290169942,0.226811476703398,0.0195771344010022,42.3104760053513,4
0.333562290169942,0.226811476703398,0.0195771344010022,41.1104126350995,5
0.333562290169942,0.226811476703398,0.0195771344010022,19.0636657409156,6
0.333562290169942,0.226811476703398,0.0195771344010022,40.9718787910873,7
0.333562290169942,0.226811476703398,0.0195771344010022,42.5331241425574,8
0.333562290169942,0.226811476703398,0.0195771344010022,25.3480545410432,9
0.333562290169942,0.226811476703398,0.0195771344010022,21.9789772453124,10
0.544306515892354,0.226811476703398,0.0195771344010022,36.5228215224558,1
0.544306515892354,0.226811476703398,0.0195771344010022,46.775074138097,2
0.544306515892354,0.226811476703398,0.0195771344010022,33.9408936548258,3
0.544306515892354,0.226811476703398,0.0195771344010022,44.2730120417677,4
0.544306515892354,0.226811476703398,0.0195771344010022,21.5443867779351,5
0.544306515892354,0.226811476703398,0.0195771344010022,29.3170272875659,6
0.544306515892354,0.226811476703398,0.0195771344010022,29.6291749453766,7
0.544306515892354,0.226811476703398,0.0195771344010022,32.0172209436318,8
0.544306515892354,0.226811476703398,0.0195771344010022,34.031736238222,9
0.544306515892354,0.226811476703398,0.0195771344010022,42.586743522793,10
0.88819867225378,0.226811476703398,0.0195771344010022,42.8716311301176,1
0.88819867225378,0.226811476703398,0.0195771344010022,46.0660273377018,2
0.88819867225378,0.226811476703398,0.0195771344010022,44.6870921009168,3
0.88819867225378,0.226811476703398,0.0195771344010022,44.6353970731687,4
0.88819867225378,0.226811476703398,0.0195771344010022,40.3649890481583,5
0.88819867225378,0.226811476703398,0.0195771344010022,39.8186973330771,6
0.88819867225378,0.226811476703398,0.0195771344010022,49.1428891267933,7
0.88819867225378,0.226811476703398,0.0195771344010022,48.2959584579502,8
0.88819867225378,0.226811476703398,0.0195771344010022,35.8219691326153,9
0.88819867225378,0.226811476703398,0.0195771344010022,39.0644008472442,10
1.44936145050558,0.226811476703398,0.0195771344010022,38.5136076644912,1
1.44936145050558,0.226811476703398,0.0195771344010022,37.7531041145308,2
1.44936145050558,0.226811476703398,0.0195771344010022,29.5760219473633,3
1.44936145050558,0.226811476703398,0.0195771344010022,48.2516926100778,4
1.44936145050558,0.226811476703398,0.0195771344010022,34.7532049962356,5
1.44936145050558,0.226811476703398,0.0195771344010022,48.3781398463477,6
1.44936145050558,0.226811476703398,0.0195771344010022,34.1503679984923,7
1.44936145050558,0.226811476703398,0.0195771344010022,41.4918161439778,8
1.44936145050558,0.226811476703398,0.0195771344010022,39.4931481815521,9
1.44936145050558,0.226811476703398,0.0195771344010022,27.2702396865641,10
0.204413870080183,0.405524740493985,0.0195771344010022,22.7013838002727,1
0.204413870080183,0.405524740493985,0.0195771344010022,19.8945909173407,2
0.204413870080183,0.405524740493985,0.0195771344010022,22.5942629740572,3
0.204413870080183,0.405524740493985,0.0195771344010022,38.8101355064891,4
0.204413870080183,0.405524740493985,0.0195771344010022,20.5812300898686,5
0.204413870080183,0.405524740493985,0.0195771344010022,22.7694109407231,6
0.204413870080183,0.405524740493985,0.0195771344010022,36.1717352591093,7
0.204413870080183,0.405524740493985,0.0195771344010022,21.5111655135408,8
0.204413870080183,0.405524740493985,0.0195771344010022,20.7651615546979,9
0.204413870080183,0.405524740493985,0.0195771344010022,21.4642205977302,10
0.333562290169942,0.405524740493985,0.0195771344010022,22.7710824076735,1
0.333562290169942,0.405524740493985,0.0195771344010022,37.1077334509493,2
0.333562290169942,0.405524740493985,0.0195771344010022,35.6749573904845,3
0.333562290169942,0.405524740493985,0.0195771344010022,31.5106907076978,4
0.333562290169942,0.405524740493985,0.0195771344010022,26.7528367868449,5
0.333562290169942,0.405524740493985,0.0195771344010022,35.6512263464413,6
0.333562290169942,0.405524740493985,0.0195771344010022,26.0654085315245,7
0.333562290169942,0.405524740493985,0.0195771344010022,19.3680277351666,8
0.333562290169942,0.405524740493985,0.0195771344010022,25.955901266482,9
0.333562290169942,0.405524740493985,0.0195771344010022,21.2545884851369,10
0.544306515892354,0.405524740493985,0.0195771344010022,30.1473999408162,1
0.544306515892354,0.405524740493985,0.0195771344010022,27.5175643895407,2
0.544306515892354,0.405524740493985,0.0195771344010022,39.5067781792393,3
0.544306515892354,0.405524740493985,0.0195771344010022,29.5634094147549,4
0.544306515892354,0.405524740493985,0.0195771344010022,31.5392870648298,5
0.544306515892354,0.405524740493985,0.0195771344010022,36.0360809312239,6
0.544306515892354,0.405524740493985,0.0195771344010022,29.7170166304829,7
0.544306515892354,0.405524740493985,0.0195771344010022,43.1719337669082,8
0.544306515892354,0.405524740493985,0.0195771344010022,34.9180174875251,9
0.544306515892354,0.405524740493985,0.0195771344010022,33.470879051008,10
0.88819867225378,0.405524740493985,0.0195771344010022,39.8438509514863,1
0.88819867225378,0.405524740493985,0.0195771344010022,36.6366429396153,2
0.88819867225378,0.405524740493985,0.0195771344010022,40.6601746862924,3
0.88819867225378,0.405524740493985,0.0195771344010022,43.2750723871638,4
0.88819867225378,0.405524740493985,0.0195771344010022,37.7446831784001,5
0.88819867225378,0.405524740493985,0.0195771344010022,39.5411522206233,6
0.88819867225378,0.405524740493985,0.0195771344010022,28.8651480283731,7
0.88819867225378,0.405524740493985,0.0195771344010022,39.2667945375054,8
0.88819867225378,0.405524740493985,0.0195771344010022,36.3137256478188,9
0.88819867225378,0.405524740493985,0.0195771344010022,36.2873495547423,10
1.44936145050558,0.405524740493985,0.0195771344010022,24.0345087421716,1
1.44936145050558,0.405524740493985,0.0195771344010022,33.3148242704447,2
1.44936145050558,0.405524740493985,0.0195771344010022,41.7946303374612,3
1.44936145050558,0.405524740493985,0.0195771344010022,33.6906011659699,4
1.44936145050558,0.405524740493985,0.0195771344010022,41.3429678716688,5
1.44936145050558,0.405524740493985,0.0195771344010022,41.0007106132985,6
1.44936145050558,0.405524740493985,0.0195771344010022,43.3553042761003,7
1.44936145050558,0.405524740493985,0.0195771344010022,35.1204930386888,8
1.44936145050558,0.405524740493985,0.0195771344010022,38.1811017662796,9
1.44936145050558,0.405524740493985,0.0195771344010022,44.6141854440818,10
0.204413870080183,0.725052883314922,0.0195771344010022,21.8879896038747,1
0.204413870080183,0.725052883314922,0.0195771344010022,19.4997841491422,2
0.204413870080183,0.725052883314922,0.0195771344010022,22.045250802691,3
0.204413870080183,0.725052883314922,0.0195771344010022,26.0238784839109,4
0.204413870080183,0.725052883314922,0.0195771344010022,23.9217630229659,5
0.204413870080183,0.725052883314922,0.0195771344010022,26.2568529698069,6
0.204413870080183,0.725052883314922,0.0195771344010022,22.7742148023109,7
0.204413870080183,0.725052883314922,0.0195771344010022,25.2894907656527,8
0.204413870080183,0.725052883314922,0.0195771344010022,27.6542464963005,9
0.204413870080183,0.725052883314922,0.0195771344010022,19.2163033603204,10
0.333562290169942,0.725052883314922,0.0195771344010022,19.3143858047949,1
0.333562290169942,0.725052883314922,0.0195771344010022,29.2716850568452,2
0.333562290169942,0.725052883314922,0.0195771344010022,22.2922348531391,3
0.333562290169942,0.725052883314922,0.0195771344010022,25.4859701982094,4
0.333562290169942,0.725052883314922,0.0195771344010022,22.7562053529344,5
0.333562290169942,0.725052883314922,0.0195771344010022,22.3719290100154,6
0.333562290169942,0.725052883314922,0.0195771344010022,27.3364769233414,7
0.333562290169942,0.725052883314922,0.0195771344010022,19.2690133099379,8
0.333562290169942,0.725052883314922,0.0195771344010022,18.9804632649258,9
0.333562290169942,0.725052883314922,0.0195771344010022,25.2773512619884,10
0.544306515892354,0.725052883314922,0.0195771344010022,20.2149036175874,1
0.544306515892354,0.725052883314922,0.0195771344010022,29.1150119695852,2
0.544306515892354,0.725052883314922,0.0195771344010022,28.2789252510635,3
0.544306515892354,0.725052883314922,0.0195771344010022,30.3306316125272,4
0.544306515892354,0.725052883314922,0.0195771344010022,27.5726984925398,5
0.544306515892354,0.725052883314922,0.0195771344010022,23.872597045265,6
0.544306515892354,0.725052883314922,0.0195771344010022,29.3762152843896,7
0.544306515892354,0.725052883314922,0.0195771344010022,22.4818198447627,8
0.544306515892354,0.725052883314922,0.0195771344010022,28.9199781406336,9
0.544306515892354,0.725052883314922,0.0195771344010022,24.939809678089,10
0.88819867225378,0.725052883314922,0.0195771344010022,28.5271638161308,1
0.88819867225378,0.725052883314922,0.0195771344010022,26.7165629451053,2
0.88819867225378,0.725052883314922,0.0195771344010022,29.5444884570521,3
0.88819867225378,0.725052883314922,0.0195771344010022,23.9039729067424,4
0.88819867225378,0.725052883314922,0.0195771344010022,25.067610939583,5
0.88819867225378,0.725052883314922,0.0195771344010022,27.3030599041459,6
0.88819867225378,0.725052883314922,0.0195771344010022,29.0764953025723,7
0.88819867225378,0.725052883314922,0.0195771344010022,27.2660030745911,8
0.88819867225378,0.725052883314922,0.0195771344010022,23.8864566762525,9
0.88819867225378,0.725052883314922,0.0195771344010022,26.0535078704115,10
1.44936145050558,0.725052883314922,0.0195771344010022,34.5552650315416,1
1.44936145050558,0.725052883314922,0.0195771344010022,33.0910511462987,2
1.44936145050558,0.725052883314922,0.0195771344010022,31.7685110459974,3
1.44936145050558,0.725052883314922,0.0195771344010022,24.6553227882042,4
1.44936145050558,0.725052883314922,0.0195771344010022,29.7034497470936,5
1.44936145050558,0.725052883314922,0.0195771344010022,30.5102412654017,6
1.44936145050558,0.725052883314922,0.0195771344010022,31.3398545198795,7
1.44936145050558,0.725052883314922,0.0195771344010022,31.072795818462,8
1.44936145050558,0.725052883314922,0.0195771344010022,32.7702132335057,9
1.44936145050558,0.725052883314922,0.0195771344010022,33.4246966726992,10
0.204413870080183,1.29634922634537,0.0195771344010022,24.8215219798346,1
0.204413870080183,1.29634922634537,0.0195771344010022,27.2033285680175,2
0.204413870080183,1.29634922634537,0.0195771344010022,22.1763968720364,3
0.204413870080183,1.29634922634537,0.0195771344010022,22.3125919718242,4
0.204413870080183,1.29634922634537,0.0195771344010022,25.532937930119,5
0.204413870080183,1.29634922634537,0.0195771344010022,23.3945544408773,6
0.204413870080183,1.29634922634537,0.0195771344010022,21.775643372849,7
0.204413870080183,1.29634922634537,0.0195771344010022,18.6148841912949,8
0.204413870080183,1.29634922634537,0.0195771344010022,25.31960572871,9
0.204413870080183,1.29634922634537,0.0195771344010022,16.1966284412193,10
0.333562290169942,1.29634922634537,0.0195771344010022,24.7110394943011,1
0.333562290169942,1.29634922634537,0.0195771344010022,23.4480121524014,2
0.333562290169942,1.29634922634537,0.0195771344010022,26.9516931215909,3
0.333562290169942,1.29634922634537,0.0195771344010022,22.2234565774254,4
0.333562290169942,1.29634922634537,0.0195771344010022,24.7821448293148,5
0.333562290169942,1.29634922634537,0.0195771344010022,26.8772478565792,6
0.333562290169942,1.29634922634537,0.0195771344010022,20.1332920381849,7
0.333562290169942,1.29634922634537,0.0195771344010022,21.3596209637018,8
0.333562290169942,1.29634922634537,0.0195771344010022,24.9337619973648,9
0.333562290169942,1.29634922634537,0.0195771344010022,26.1438138739218,10
0.544306515892354,1.29634922634537,0.0195771344010022,29.0831595347935,1
0.544306515892354,1.29634922634537,0.0195771344010022,28.0774174347633,2
0.544306515892354,1.29634922634537,0.0195771344010022,28.1105662440702,3
0.544306515892354,1.29634922634537,0.0195771344010022,26.874784493936,4
0.544306515892354,1.29634922634537,0.0195771344010022,29.6949323326865,5
0.544306515892354,1.29634922634537,0.0195771344010022,29.4412917600634,6
0.544306515892354,1.29634922634537,0.0195771344010022,27.2704166657617,7
0.544306515892354,1.29634922634537,0.0195771344010022,28.380447581169,8
0.544306515892354,1.29634922634537,0.0195771344010022,24.7497951829983,9
0.544306515892354,1.29634922634537,0.0195771344010022,26.681350810669,10
0.88819867225378,1.29634922634537,0.0195771344010022,25.578967698079,1
0.88819867225378,1.29634922634537,0.0195771344010022,22.9831864940761,2
0.88819867225378,1.29634922634537,0.0195771344010022,28.6481397213637,3
0.88819867225378,1.29634922634537,0.0195771344010022,28.9501431651187,4
0.88819867225378,1.29634922634537,0.0195771344010022,26.67882377413,5
0.88819867225378,1.29634922634537,0.0195771344010022,27.7629412577276,6
0.88819867225378,1.29634922634537,0.0195771344010022,22.278385287064,7
0.88819867225378,1.29634922634537,0.0195771344010022,26.6619030820074,8
0.88819867225378,1.29634922634537,0.0195771344010022,28.9731735843396,9
0.88819867225378,1.29634922634537,0.0195771344010022,21.6726289838476,10
1.44936145050558,1.29634922634537,0.0195771344010022,27.1688821446248,1
1.44936145050558,1.29634922634537,0.0195771344010022,27.1934893995881,2
1.44936145050558,1.29634922634537,0.0195771344010022,25.4677923789978,3
1.44936145050558,1.29634922634537,0.0195771344010022,24.5457204714529,4
1.44936145050558,1.29634922634537,0.0195771344010022,25.9265000162622,5
1.44936145050558,1.29634922634537,0.0195771344010022,21.0115460899398,6
1.44936145050558,1.29634922634537,0.0195771344010022,24.3863032876065,7
1.44936145050558,1.29634922634537,0.0195771344010022,25.0445750326409,8
1.44936145050558,1.29634922634537,0.0195771344010022,24.387337601285,9
1.44936145050558,1.29634922634537,0.0195771344010022,24.719541533332,10
0.204413870080183,0.126856491916401,0.0568814494098758,32.9230356241392,1
0.204413870080183,0.126856491916401,0.0568814494098758,17.9941113934644,2
0.204413870080183,0.126856491916401,0.0568814494098758,22.3686533554366,3
0.204413870080183,0.126856491916401,0.0568814494098758,24.3480316931014,4
0.204413870080183,0.126856491916401,0.0568814494098758,28.8410692434557,5
0.204413870080183,0.126856491916401,0.0568814494098758,35.4283008219669,6
0.204413870080183,0.126856491916401,0.0568814494098758,37.3132158077791,7
0.204413870080183,0.126856491916401,0.0568814494098758,41.4837280284513,8
0.204413870080183,0.126856491916401,0.0568814494098758,27.1842836448101,9
0.204413870080183,0.126856491916401,0.0568814494098758,25.73785201765,10
0.333562290169942,0.126856491916401,0.0568814494098758,24.6655972647798,1
0.333562290169942,0.126856491916401,0.0568814494098758,25.4400825943636,2
0.333562290169942,0.126856491916401,0.0568814494098758,30.9231204862192,3
0.333562290169942,0.126856491916401,0.0568814494098758,46.4577494817867,4
0.333562290169942,0.126856491916401,0.0568814494098758,20.4101767034045,5
0.333562290169942,0.126856491916401,0.0568814494098758,24.5239846146052,6
0.333562290169942,0.126856491916401,0.0568814494098758,30.3100094235294,7
0.333562290169942,0.126856491916401,0.0568814494098758,33.4040855332842,8
0.333562290169942,0.126856491916401,0.0568814494098758,20.4769114307812,9
0.333562290169942,0.126856491916401,0.0568814494098758,29.7352628676059,10
0.544306515892354,0.126856491916401,0.0568814494098758,36.1460377581237,1
0.544306515892354,0.126856491916401,0.0568814494098758,37.4243838768743,2
0.544306515892354,0.126856491916401,0.0568814494098758,34.395223437402,3
0.544306515892354,0.126856491916401,0.0568814494098758,36.4014316803255,4
0.544306515892354,0.126856491916401,0.0568814494098758,29.6351701057035,5
0.544306515892354,0.126856491916401,0.0568814494098758,35.1281017713904,6
0.544306515892354,0.126856491916401,0.0568814494098758,32.2424447204277,7
0.544306515892354,0.126856491916401,0.0568814494098758,45.7867106737277,8
0.544306515892354,0.126856491916401,0.0568814494098758,36.1956835132903,9
0.544306515892354,0.126856491916401,0.0568814494098758,27.735914589765,10
0.88819867225378,0.126856491916401,0.0568814494098758,38.6487295533269,1
0.88819867225378,0.126856491916401,0.0568814494098758,26.0774088107252,2
0.88819867225378,0.126856491916401,0.0568814494098758,36.5209006624345,3
0.88819867225378,0.126856491916401,0.0568814494098758,26.8473250901702,4
0.88819867225378,0.126856491916401,0.0568814494098758,41.0912066770351,5
0.88819867225378,0.126856491916401,0.0568814494098758,30.3668944990027,6
0.88819867225378,0.126856491916401,0.0568814494098758,36.0615576906836,7
0.88819867225378,0.126856491916401,0.0568814494098758,34.3693157231704,8
0.88819867225378,0.126856491916401,0.0568814494098758,35.7949927872599,9
0.88819867225378,0.126856491916401,0.0568814494098758,39.1609650930594,10
1.44936145050558,0.126856491916401,0.0568814494098758,31.7256881706865,1
1.44936145050558,0.126856491916401,0.0568814494098758,15.4784126333881,2
1.44936145050558,0.126856491916401,0.0568814494098758,29.9455610757683,3
1.44936145050558,0.126856491916401,0.0568814494098758,39.8253516910783,4
1.44936145050558,0.126856491916401,0.0568814494098758,39.9932912414357,5
1.44936145050558,0.126856491916401,0.0568814494098758,38.8687057474438,6
1.44936145050558,0.126856491916401,0.0568814494098758,40.0044825757648,7
1.44936145050558,0.126856491916401,0.0568814494098758,44.4089854432867,8
1.44936145050558,0.126856491916401,0.0568814494098758,38.1035503158378,9
1.44936145050558,0.126856491916401,0.0568814494098758,45.7686816108974,10
0.204413870080183,0.226811476703398,0.0568814494098758,33.7778204325659,1
0.204413870080183,0.226811476703398,0.0568814494098758,18.5009695692017,2
0.204413870080183,0.226811476703398,0.0568814494098758,22.5920900382034,3
0.204413870080183,0.226811476703398,0.0568814494098758,37.4803706594234,4
0.204413870080183,0.226811476703398,0.0568814494098758,20.0113946642214,5
0.204413870080183,0.226811476703398,0.0568814494098758,34.6629499144083,6
0.204413870080183,0.226811476703398,0.0568814494098758,23.3966873447739,7
0.204413870080183,0.226811476703398,0.0568814494098758,24.3051341340211,8
0.204413870080183,0.226811476703398,0.0568814494098758,22.9242718261472,9
0.204413870080183,0.226811476703398,0.0568814494098758,28.2920108626536,10
0.333562290169942,0.226811476703398,0.0568814494098758,28.1790613425993,1
0.333562290169942,0.226811476703398,0.0568814494098758,24.8954082449979,2
0.333562290169942,0.226811476703398,0.0568814494098758,26.2595689430751,3
0.333562290169942,0.226811476703398,0.0568814494098758,33.8878824026402,4
0.333562290169942,0.226811476703398,0.0568814494098758,17.7941817879287,5
0.333562290169942,0.226811476703398,0.0568814494098758,37.0944254026411,6
0.333562290169942,0.226811476703398,0.0568814494098758,27.2540623971357,7
0.333562290169942,0.226811476703398,0.0568814494098758,35.333181609627,8
0.333562290169942,0.226811476703398,0.0568814494098758,24.5719291671546,9
0.333562290169942,0.226811476703398,0.0568814494098758,39.7132493882667,10
0.544306515892354,0.226811476703398,0.0568814494098758,28.1675039538495,1
0.544306515892354,0.226811476703398,0.0568814494098758,35.3212614081137,2
0.544306515892354,0.226811476703398,0.0568814494098758,26.6740779699426,3
0.544306515892354,0.226811476703398,0.0568814494098758,24.3484096543151,4
0.544306515892354,0.226811476703398,0.0568814494098758,21.4540314280307,5
0.544306515892354,0.226811476703398,0.0568814494098758,34.4921836625086,6
0.544306515892354,0.226811476703398,0.0568814494098758,39.1502238679951,7
0.544306515892354,0.226811476703398,0.0568814494098758,35.0494888106552,8
0.544306515892354,0.226811476703398,0.0568814494098758,38.0599592040812,9
0.544306515892354,0.226811476703398,0.0568814494098758,42.5619956676638,10
0.88819867225378,0.226811476703398,0.0568814494098758,33.2364396739477,1
0.88819867225378,0.226811476703398,0.0568814494098758,42.0103743910838,2
0.88819867225378,0.226811476703398,0.0568814494098758,33.4472708617735,3
0.88819867225378,0.226811476703398,0.0568814494098758,39.5761331140516,4
0.88819867225378,0.226811476703398,0.0568814494098758,41.0050539442716,5
0.88819867225378,0.226811476703398,0.0568814494098758,36.3963738612028,6
0.88819867225378,0.226811476703398,0.0568814494098758,33.4138869371259,7
0.88819867225378,0.226811476703398,0.0568814494098758,35.6578502424712,8
0.88819867225378,0.226811476703398,0.0568814494098758,38.4495239577385,9
0.88819867225378,0.226811476703398,0.0568814494098758,35.7672586048858,10
1.44936145050558,0.226811476703398,0.0568814494098758,25.6330825981399,1
1.44936145050558,0.226811476703398,0.0568814494098758,32.7999820355178,2
1.44936145050558,0.226811476703398,0.0568814494098758,36.5684530688327,3
1.44936145050558,0.226811476703398,0.0568814494098758,40.796802474117,4
1.44936145050558,0.226811476703398,0.0568814494098758,42.102740640385,5
1.44936145050558,0.226811476703398,0.0568814494098758,37.1297911535096,6
1.44936145050558,0.226811476703398,0.0568814494098758,28.935095392154,7
1.44936145050558,0.226811476703398,0.0568814494098758,39.9373200982305,8
1.44936145050558,0.226811476703398,0.0568814494098758,25.363222804222,9
1.44936145050558,0.226811476703398,0.0568814494098758,43.1159326573188,10
0.204413870080183,0.405524740493985,0.0568814494098758,24.454095798284,1
0.204413870080183,0.405524740493985,0.0568814494098758,20.1106032297273,2
0.204413870080183,0.405524740493985,0.0568814494098758,23.7879060187295,3
0.204413870080183,0.405524740493985,0.0568814494098758,25.4445671801049,4
0.204413870080183,0.405524740493985,0.0568814494098758,21.6452219573546,5
0.204413870080183,0.405524740493985,0.0568814494098758,20.946182969403,6
0.204413870080183,0.405524740493985,0.0568814494098758,18.8603017407027,7
0.204413870080183,0.405524740493985,0.0568814494098758,17.6513385541101,8
0.204413870080183,0.405524740493985,0.0568814494098758,23.9960284437606,9
0.204413870080183,0.405524740493985,0.0568814494098758,22.1124278396598,10
0.333562290169942,0.405524740493985,0.0568814494098758,23.0823799436523,1
0.333562290169942,0.405524740493985,0.0568814494098758,26.592786641731,2
0.333562290169942,0.405524740493985,0.0568814494098758,23.9429704750422,3
0.333562290169942,0.405524740493985,0.0568814494098758,19.7907209074572,4
0.333562290169942,0.405524740493985,0.0568814494098758,20.250108773623,5
0.333562290169942,0.405524740493985,0.0568814494098758,21.2062253411912,6
0.333562290169942,0.405524740493985,0.0568814494098758,23.6333373403727,7
0.333562290169942,0.405524740493985,0.0568814494098758,27.2412860617489,8
0.333562290169942,0.405524740493985,0.0568814494098758,23.2676243503259,9
0.333562290169942,0.405524740493985,0.0568814494098758,21.5928740702904,10
0.544306515892354,0.405524740493985,0.0568814494098758,22.8446732369282,1
0.544306515892354,0.405524740493985,0.0568814494098758,21.802846376852,2
0.544306515892354,0.405524740493985,0.0568814494098758,23.9532590981812,3
0.544306515892354,0.405524740493985,0.0568814494098758,31.1533299884441,4
0.544306515892354,0.405524740493985,0.0568814494098758,24.0507562008267,5
0.544306515892354,0.405524740493985,0.0568814494098758,26.2552768183879,6
0.544306515892354,0.405524740493985,0.0568814494098758,28.8837090205111,7
0.544306515892354,0.405524740493985,0.0568814494098758,31.1217536016813,8
0.544306515892354,0.405524740493985,0.0568814494098758,29.7457982793499,9
0.544306515892354,0.405524740493985,0.0568814494098758,27.5793906158681,10
0.88819867225378,0.405524740493985,0.0568814494098758,30.7037428638775,1
0.88819867225378,0.405524740493985,0.0568814494098758,28.0886278072381,2
0.88819867225378,0.405524740493985,0.0568814494098758,23.5776607384042,3
0.88819867225378,0.405524740493985,0.0568814494098758,33.4705455780785,4
0.88819867225378,0.405524740493985,0.0568814494098758,30.6183063802744,5
0.88819867225378,0.405524740493985,0.0568814494098758,26.9160367502779,6
0.88819867225378,0.405524740493985,0.0568814494098758,30.9793738964723,7
0.88819867225378,0.405524740493985,0.0568814494098758,29.4149615347523,8
0.88819867225378,0.405524740493985,0.0568814494098758,25.3034303434599,9
0.88819867225378,0.405524740493985,0.0568814494098758,22.1729977981236,10
1.44936145050558,0.405524740493985,0.0568814494098758,29.9516643973252,1
1.44936145050558,0.405524740493985,0.0568814494098758,26.5952784871766,2
1.44936145050558,0.405524740493985,0.0568814494098758,34.652032693689,3
1.44936145050558,0.405524740493985,0.0568814494098758,35.6924046124226,4
1.44936145050558,0.405524740493985,0.0568814494098758,37.8542918394237,5
1.44936145050558,0.405524740493985,0.0568814494098758,33.8794158112699,6
1.44936145050558,0.405524740493985,0.0568814494098758,23.9133614581987,7
1.44936145050558,0.405524740493985,0.0568814494098758,34.4148177961201,8
1.44936145050558,0.405524740493985,0.0568814494098758,36.4157878324612,9
1.44936145050558,0.405524740493985,0.0568814494098758,28.0912320473045,10
0.204413870080183,0.725052883314922,0.0568814494098758,20.9320917818996,1
0.204413870080183,0.725052883314922,0.0568814494098758,22.6542900554407,2
0.204413870080183,0.725052883314922,0.0568814494098758,17.6556330903212,3
0.204413870080183,0.725052883314922,0.0568814494098758,22.9214253147119,4
0.204413870080183,0.725052883314922,0.0568814494098758,23.0677836937785,5
0.204413870080183,0.725052883314922,0.0568814494098758,21.9633158774738,6
0.204413870080183,0.725052883314922,0.0568814494098758,21.6220200439106,7
0.204413870080183,0.725052883314922,0.0568814494098758,28.5939161246306,8
0.204413870080183,0.725052883314922,0.0568814494098758,19.0923749999381,9
0.204413870080183,0.725052883314922,0.0568814494098758,25.0762683243124,10
0.333562290169942,0.725052883314922,0.0568814494098758,22.8477641183904,1
0.333562290169942,0.725052883314922,0.0568814494098758,22.5091876970575,2
0.333562290169942,0.725052883314922,0.0568814494098758,24.4808762289765,3
0.333562290169942,0.725052883314922,0.0568814494098758,24.0899685986247,4
0.333562290169942,0.725052883314922,0.0568814494098758,28.0979203931689,5
0.333562290169942,0.725052883314922,0.0568814494098758,23.4327741369331,6
0.333562290169942,0.725052883314922,0.0568814494098758,23.2049917055346,7
0.333562290169942,0.725052883314922,0.0568814494098758,24.7260218920254,8
0.333562290169942,0.725052883314922,0.0568814494098758,16.479778164843,9
0.333562290169942,0.725052883314922,0.0568814494098758,23.0617012614177,10
0.544306515892354,0.725052883314922,0.0568814494098758,25.5490045424184,1
0.544306515892354,0.725052883314922,0.0568814494098758,19.9431451607032,2
0.544306515892354,0.725052883314922,0.0568814494098758,22.8057092729022,3
0.544306515892354,0.725052883314922,0.0568814494098758,24.7194322851391,4
0.544306515892354,0.725052883314922,0.0568814494098758,26.8770373755277,5
0.544306515892354,0.725052883314922,0.0568814494098758,26.4545202330362,6
0.544306515892354,0.725052883314922,0.0568814494098758,21.9822116383931,7
0.544306515892354,0.725052883314922,0.0568814494098758,21.3135684555677,8
0.544306515892354,0.725052883314922,0.0568814494098758,20.2274692688721,9
0.544306515892354,0.725052883314922,0.0568814494098758,25.2818288166322,10
0.88819867225378,0.725052883314922,0.0568814494098758,26.2726705136154,1
0.88819867225378,0.725052883314922,0.0568814494098758,25.335092222082,2
0.88819867225378,0.725052883314922,0.0568814494098758,28.6103730551859,3
0.88819867225378,0.725052883314922,0.0568814494098758,28.0938251830033,4
0.88819867225378,0.725052883314922,0.0568814494098758,24.2146474508376,5
0.88819867225378,0.725052883314922,0.0568814494098758,25.103261899275,6
0.88819867225378,0.725052883314922,0.0568814494098758,22.6111785661011,7
0.88819867225378,0.725052883314922,0.0568814494098758,28.623887486826,8
0.88819867225378,0.725052883314922,0.0568814494098758,21.9475663660893,9
0.88819867225378,0.725052883314922,0.0568814494098758,24.3627536831196,10
1.44936145050558,0.725052883314922,0.0568814494098758,28.0221167427344,1
1.44936145050558,0.725052883314922,0.0568814494098758,28.5724457930398,2
1.44936145050558,0.725052883314922,0.0568814494098758,29.9363547790349,3
1.44936145050558,0.725052883314922,0.0568814494098758,28.1203075071907,4
1.44936145050558,0.725052883314922,0.0568814494098758,28.4000122859313,5
1.44936145050558,0.725052883314922,0.0568814494098758,32.6537624732701,6
1.44936145050558,0.725052883314922,0.0568814494098758,30.1983610580703,7
1.44936145050558,0.725052883314922,0.0568814494098758,29.0194170179866,8
1.44936145050558,0.725052883314922,0.0568814494098758,32.4950793641952,9
1.44936145050558,0.725052883314922,0.0568814494098758,24.5599387883234,10
0.204413870080183,1.29634922634537,0.0568814494098758,18.7517511085037,1
0.204413870080183,1.29634922634537,0.0568814494098758,16.3843163408002,2
0.204413870080183,1.29634922634537,0.0568814494098758,16.0065685754138,3
0.204413870080183,1.29634922634537,0.0568814494098758,21.5098167218315,4
0.204413870080183,1.29634922634537,0.0568814494098758,20.0611162797149,5
0.204413870080183,1.29634922634537,0.0568814494098758,19.4985589136797,6
0.204413870080183,1.29634922634537,0.0568814494098758,22.2595307326632,7
0.204413870080183,1.29634922634537,0.0568814494098758,23.1094057018053,8
0.204413870080183,1.29634922634537,0.0568814494098758,18.3450515832838,9
0.204413870080183,1.29634922634537,0.0568814494098758,19.1745084291449,10
0.333562290169942,1.29634922634537,0.0568814494098758,28.7004313747769,1
0.333562290169942,1.29634922634537,0.0568814494098758,23.3564390946248,2
0.333562290169942,1.29634922634537,0.0568814494098758,24.2528217014037,3
0.333562290169942,1.29634922634537,0.0568814494098758,22.855012956732,4
0.333562290169942,1.29634922634537,0.0568814494098758,22.0559006501749,5
0.333562290169942,1.29634922634537,0.0568814494098758,16.0726060220145,6
0.333562290169942,1.29634922634537,0.0568814494098758,21.9331540815266,7
0.333562290169942,1.29634922634537,0.0568814494098758,19.7283137958747,8
0.333562290169942,1.29634922634537,0.0568814494098758,25.1752832302542,9
0.333562290169942,1.29634922634537,0.0568814494098758,24.9676276495622,10
0.544306515892354,1.29634922634537,0.0568814494098758,29.1257096183692,1
0.544306515892354,1.29634922634537,0.0568814494098758,27.6060431366201,2
0.544306515892354,1.29634922634537,0.0568814494098758,25.7529129350973,3
0.544306515892354,1.29634922634537,0.0568814494098758,24.0900524853744,4
0.544306515892354,1.29634922634537,0.0568814494098758,26.4950175929313,5
0.544306515892354,1.29634922634537,0.0568814494098758,22.2037063819437,6
0.544306515892354,1.29634922634537,0.0568814494098758,31.0804508179294,7
0.544306515892354,1.29634922634537,0.0568814494098758,26.3694186092626,8
0.544306515892354,1.29634922634537,0.0568814494098758,29.3298405070033,9
0.544306515892354,1.29634922634537,0.0568814494098758,24.5254661453629,10
0.88819867225378,1.29634922634537,0.0568814494098758,27.7800224458454,1
0.88819867225378,1.29634922634537,0.0568814494098758,25.1311271931483,2
0.88819867225378,1.29634922634537,0.0568814494098758,26.14968697482,3
0.88819867225378,1.29634922634537,0.0568814494098758,22.9783236908286,4
0.88819867225378,1.29634922634537,0.0568814494098758,22.4359187274337,5
0.88819867225378,1.29634922634537,0.0568814494098758,23.734650946777,6
0.88819867225378,1.29634922634537,0.0568814494098758,24.6462149967671,7
0.88819867225378,1.29634922634537,0.0568814494098758,26.9330188386858,8
0.88819867225378,1.29634922634537,0.0568814494098758,26.515594747519,9
0.88819867225378,1.29634922634537,0.0568814494098758,21.2807276944791,10
1.44936145050558,1.29634922634537,0.0568814494098758,27.3104754761065,1
1.44936145050558,1.29634922634537,0.0568814494098758,24.1407206410383,2
1.44936145050558,1.29634922634537,0.0568814494098758,28.857484271676,3
1.44936145050558,1.29634922634537,0.0568814494098758,27.303937008936,4
1.44936145050558,1.29634922634537,0.0568814494098758,23.4570184126626,5
1.44936145050558,1.29634922634537,0.0568814494098758,26.2687307959546,6
1.44936145050558,1.29634922634537,0.0568814494098758,22.9334592949148,7
1.44936145050558,1.29634922634537,0.0568814494098758,27.0360504436059,8
1.44936145050558,1.29634922634537,0.0568814494098758,24.0606523307824,9
1.44936145050558,1.29634922634537,0.0568814494098758,30.1158856967681,10
0.204413870080183,0.126856491916401,0.165269299413025,25.202127171859,1
0.204413870080183,0.126856491916401,0.165269299413025,24.0841416430326,2
0.204413870080183,0.126856491916401,0.165269299413025,25.6093465160313,3
0.204413870080183,0.126856491916401,0.165269299413025,24.5640104660885,4
0.204413870080183,0.126856491916401,0.165269299413025,25.574833766459,5
0.204413870080183,0.126856491916401,0.165269299413025,29.9464479976401,6
0.204413870080183,0.126856491916401,0.165269299413025,26.2857717373766,7
0.204413870080183,0.126856491916401,0.165269299413025,19.847428935271,8
0.204413870080183,0.126856491916401,0.165269299413025,26.5736203734925,9
0.204413870080183,0.126856491916401,0.165269299413025,28.0496617506084,10
0.333562290169942,0.126856491916401,0.165269299413025,23.7902091841845,1
0.333562290169942,0.126856491916401,0.165269299413025,26.6329238740518,2
0.333562290169942,0.126856491916401,0.165269299413025,31.0475239437218,3
0.333562290169942,0.126856491916401,0.165269299413025,26.0908522117734,4
0.333562290169942,0.126856491916401,0.165269299413025,22.5136441757548,5
0.333562290169942,0.126856491916401,0.165269299413025,25.7577575657065,6
0.333562290169942,0.126856491916401,0.165269299413025,20.356394706083,7
0.333562290169942,0.126856491916401,0.165269299413025,19.5697131385791,8
0.333562290169942,0.126856491916401,0.165269299413025,26.984636145916,9
0.333562290169942,0.126856491916401,0.165269299413025,28.5619952642429,10
0.544306515892354,0.126856491916401,0.165269299413025,25.0928272225738,1
0.544306515892354,0.126856491916401,0.165269299413025,24.9563543170891,2
0.544306515892354,0.126856491916401,0.165269299413025,24.9841225754078,3
0.544306515892354,0.126856491916401,0.165269299413025,24.9820537418659,4
0.544306515892354,0.126856491916401,0.165269299413025,27.6264124952959,5
0.544306515892354,0.126856491916401,0.165269299413025,20.9476086038938,6
0.544306515892354,0.126856491916401,0.165269299413025,25.4809990973405,7
0.544306515892354,0.126856491916401,0.165269299413025,25.5771757729413,8
0.544306515892354,0.126856491916401,0.165269299413025,22.3056020280681,9
0.544306515892354,0.126856491916401,0.165269299413025,24.3894273873736,10
0.88819867225378,0.126856491916401,0.165269299413025,25.4828674712577,1
0.88819867225378,0.126856491916401,0.165269299413025,24.2039236096341,2
0.88819867225378,0.126856491916401,0.165269299413025,23.8551879278293,3
0.88819867225378,0.126856491916401,0.165269299413025,31.10341967536,4
0.88819867225378,0.126856491916401,0.165269299413025,31.4776501657732,5
0.88819867225378,0.126856491916401,0.165269299413025,22.7724872141579,6
0.88819867225378,0.126856491916401,0.165269299413025,28.3172763738555,7
0.88819867225378,0.126856491916401,0.165269299413025,26.4427565932062,8
0.88819867225378,0.126856491916401,0.165269299413025,28.8661193489971,9
0.88819867225378,0.126856491916401,0.165269299413025,27.5902082535488,10
1.44936145050558,0.126856491916401,0.165269299413025,21.3140742325463,1
1.44936145050558,0.126856491916401,0.165269299413025,25.7175269476048,2
1.44936145050558,0.126856491916401,0.165269299413025,33.4891353248512,3
1.44936145050558,0.126856491916401,0.165269299413025,27.3459303999951,4
1.44936145050558,0.126856491916401,0.165269299413025,22.8918778347873,5
1.44936145050558,0.126856491916401,0.165269299413025,28.5680114378562,6
1.44936145050558,0.126856491916401,0.165269299413025,26.9727089627328,7
1.44936145050558,0.126856491916401,0.165269299413025,32.5172951300912,8
1.44936145050558,0.126856491916401,0.165269299413025,33.7600328748835,9
1.44936145050558,0.126856491916401,0.165269299413025,27.1283427646156,10
0.204413870080183,0.226811476703398,0.165269299413025,17.6780410846447,1
0.204413870080183,0.226811476703398,0.165269299413025,20.3493252840292,2
0.204413870080183,0.226811476703398,0.165269299413025,25.5035954006707,3
0.204413870080183,0.226811476703398,0.165269299413025,25.7650795749886,4
0.204413870080183,0.226811476703398,0.165269299413025,25.9324076884646,5
0.204413870080183,0.226811476703398,0.165269299413025,16.7624103788041,6
0.204413870080183,0.226811476703398,0.165269299413025,32.4571910543768,7
0.204413870080183,0.226811476703398,0.165269299413025,25.4510626053414,8
0.204413870080183,0.226811476703398,0.165269299413025,21.2621641914246,9
0.204413870080183,0.226811476703398,0.165269299413025,24.4965731860597,10
0.333562290169942,0.226811476703398,0.165269299413025,21.3227611376209,1
0.333562290169942,0.226811476703398,0.165269299413025,19.8791425353398,2
0.333562290169942,0.226811476703398,0.165269299413025,21.0701835045735,3
0.333562290169942,0.226811476703398,0.165269299413025,22.9390825104515,4
0.333562290169942,0.226811476703398,0.165269299413025,21.8076431456817,5
0.333562290169942,0.226811476703398,0.165269299413025,20.392274465208,6
0.333562290169942,0.226811476703398,0.165269299413025,19.9656653530243,7
0.333562290169942,0.226811476703398,0.165269299413025,26.0687793511772,8
0.333562290169942,0.226811476703398,0.165269299413025,25.1560633319342,9
0.333562290169942,0.226811476703398,0.165269299413025,23.3752429888223,10
0.544306515892354,0.226811476703398,0.165269299413025,22.0146055944091,1
0.544306515892354,0.226811476703398,0.165269299413025,23.6676691859661,2
0.544306515892354,0.226811476703398,0.165269299413025,22.5213201072874,3
0.544306515892354,0.226811476703398,0.165269299413025,19.7845131103582,4
0.544306515892354,0.226811476703398,0.165269299413025,29.5428585801153,5
0.544306515892354,0.226811476703398,0.165269299413025,23.7368321166074,6
0.544306515892354,0.226811476703398,0.165269299413025,23.5166888235365,7
0.544306515892354,0.226811476703398,0.165269299413025,21.1128203749136,8
0.544306515892354,0.226811476703398,0.165269299413025,26.166777436212,9
0.544306515892354,0.226811476703398,0.165269299413025,25.2013980363742,10
0.88819867225378,0.226811476703398,0.165269299413025,19.0750260171975,1
0.88819867225378,0.226811476703398,0.165269299413025,29.0385220342751,2
0.88819867225378,0.226811476703398,0.165269299413025,26.3741764609382,3
0.88819867225378,0.226811476703398,0.165269299413025,29.3775321915721,4
0.88819867225378,0.226811476703398,0.165269299413025,37.2251355905358,5
0.88819867225378,0.226811476703398,0.165269299413025,26.6138928215967,6
0.88819867225378,0.226811476703398,0.165269299413025,30.1255813147006,7
0.88819867225378,0.226811476703398,0.165269299413025,23.735374470069,8
0.88819867225378,0.226811476703398,0.165269299413025,24.7997757545943,9
0.88819867225378,0.226811476703398,0.165269299413025,32.1965729115017,10
1.44936145050558,0.226811476703398,0.165269299413025,33.5104315415778,1
1.44936145050558,0.226811476703398,0.165269299413025,26.8009070963339,2
1.44936145050558,0.226811476703398,0.165269299413025,32.6058773187506,3
1.44936145050558,0.226811476703398,0.165269299413025,29.1827164267082,4
1.44936145050558,0.226811476703398,0.165269299413025,26.4268389971355,5
1.44936145050558,0.226811476703398,0.165269299413025,21.2977209863478,6
1.44936145050558,0.226811476703398,0.165269299413025,28.3857163433269,7
1.44936145050558,0.226811476703398,0.165269299413025,26.6149504492616,8
1.44936145050558,0.226811476703398,0.165269299413025,22.3016319450782,9
1.44936145050558,0.226811476703398,0.165269299413025,19.7171994897411,10
0.204413870080183,0.405524740493985,0.165269299413025,22.2374791530076,1
0.204413870080183,0.405524740493985,0.165269299413025,17.3017333175667,2
0.204413870080183,0.405524740493985,0.165269299413025,27.674002490891,3
0.204413870080183,0.405524740493985,0.165269299413025,26.0457277755765,4
0.204413870080183,0.405524740493985,0.165269299413025,24.727802245497,5
0.204413870080183,0.405524740493985,0.165269299413025,26.098385015529,6
0.204413870080183,0.405524740493985,0.165269299413025,19.7278442875968,7
0.204413870080183,0.405524740493985,0.165269299413025,22.4859393358182,8
0.204413870080183,0.405524740493985,0.165269299413025,25.9612856836276,9
0.204413870080183,0.405524740493985,0.165269299413025,24.5404847695533,10
0.333562290169942,0.405524740493985,0.165269299413025,28.9840612693094,1
0.333562290169942,0.405524740493985,0.165269299413025,22.7207466907533,2
0.333562290169942,0.405524740493985,0.165269299413025,30.7349543697271,3
0.333562290169942,0.405524740493985,0.165269299413025,24.675384578824,4
0.333562290169942,0.405524740493985,0.165269299413025,24.2595659614734,5
0.333562290169942,0.405524740493985,0.165269299413025,22.1376508750965,6
0.333562290169942,0.405524740493985,0.165269299413025,20.8569589822751,7
0.333562290169942,0.405524740493985,0.165269299413025,25.5394000158393,8
0.333562290169942,0.405524740493985,0.165269299413025,16.4255817800439,9
0.333562290169942,0.405524740493985,0.165269299413025,23.3490427831882,10
0.544306515892354,0.405524740493985,0.165269299413025,29.0730609350982,1
0.544306515892354,0.405524740493985,0.165269299413025,20.9186926938512,2
0.544306515892354,0.405524740493985,0.165269299413025,27.1868072386926,3
0.544306515892354,0.405524740493985,0.165269299413025,27.2130004733194,4
0.544306515892354,0.405524740493985,0.165269299413025,20.5182109321266,5
0.544306515892354,0.405524740493985,0.165269299413025,20.9759201704932,6
0.544306515892354,0.405524740493985,0.165269299413025,19.9146189875983,7
0.544306515892354,0.405524740493985,0.165269299413025,24.4872683633619,8
0.544306515892354,0.405524740493985,0.165269299413025,19.8159128154056,9
0.544306515892354,0.405524740493985,0.165269299413025,27.1816617652148,10
0.88819867225378,0.405524740493985,0.165269299413025,29.4221408928332,1
0.88819867225378,0.405524740493985,0.165269299413025,21.0783196503062,2
0.88819867225378,0.405524740493985,0.165269299413025,28.3078805861075,3
0.88819867225378,0.405524740493985,0.165269299413025,28.4841125414928,4
0.88819867225378,0.405524740493985,0.165269299413025,25.2269167619402,5
0.88819867225378,0.405524740493985,0.165269299413025,21.763380348701,6
0.88819867225378,0.405524740493985,0.165269299413025,29.1918012420748,7
0.88819867225378,0.405524740493985,0.165269299413025,26.5330045807769,8
0.88819867225378,0.405524740493985,0.165269299413025,24.0552191267973,9
0.88819867225378,0.405524740493985,0.165269299413025,29.6955364428068,10
1.44936145050558,0.405524740493985,0.165269299413025,29.5566496769774,1
1.44936145050558,0.405524740493985,0.165269299413025,22.2934994019852,2
1.44936145050558,0.405524740493985,0.165269299413025,31.6763391217229,3
1.44936145050558,0.405524740493985,0.165269299413025,26.2120100311562,4
1.44936145050558,0.405524740493985,0.165269299413025,25.6009474508994,5
1.44936145050558,0.405524740493985,0.165269299413025,28.9611361031996,6
1.44936145050558,0.405524740493985,0.165269299413025,24.1523610447255,7
1.44936145050558,0.405524740493985,0.165269299413025,29.4689599476212,8
1.44936145050558,0.405524740493985,0.165269299413025,27.8410236428282,9
1.44936145050558,0.405524740493985,0.165269299413025,23.927093162003,10
0.204413870080183,0.725052883314922,0.165269299413025,20.6798164349347,1
0.204413870080183,0.725052883314922,0.165269299413025,24.0057090861984,2
0.204413870080183,0.725052883314922,0.165269299413025,19.1157749878933,3
0.204413870080183,0.725052883314922,0.165269299413025,19.9465643125678,4
0.204413870080183,0.725052883314922,0.165269299413025,22.8845534039948,5
0.204413870080183,0.725052883314922,0.165269299413025,25.8797398056313,6
0.204413870080183,0.725052883314922,0.165269299413025,20.6659307930455,7
0.204413870080183,0.725052883314922,0.165269299413025,18.841463516138,8
0.204413870080183,0.725052883314922,0.165269299413025,21.1905296536143,9
0.204413870080183,0.725052883314922,0.165269299413025,22.1692520881254,10
0.333562290169942,0.725052883314922,0.165269299413025,20.0267322057018,1
0.333562290169942,0.725052883314922,0.165269299413025,18.9158735131985,2
0.333562290169942,0.725052883314922,0.165269299413025,18.1976116912429,3
0.333562290169942,0.725052883314922,0.165269299413025,19.4592660228735,4
0.333562290169942,0.725052883314922,0.165269299413025,27.3106282152617,5
0.333562290169942,0.725052883314922,0.165269299413025,26.3794858427702,6
0.333562290169942,0.725052883314922,0.165269299413025,24.9876347525086,7
0.333562290169942,0.725052883314922,0.165269299413025,22.6895747151656,8
0.333562290169942,0.725052883314922,0.165269299413025,25.5438933907807,9
0.333562290169942,0.725052883314922,0.165269299413025,22.5402751569671,10
0.544306515892354,0.725052883314922,0.165269299413025,27.7915035164286,1
0.544306515892354,0.725052883314922,0.165269299413025,20.6026070375772,2
0.544306515892354,0.725052883314922,0.165269299413025,18.0178560144355,3
0.544306515892354,0.725052883314922,0.165269299413025,26.1811192784958,4
0.544306515892354,0.725052883314922,0.165269299413025,16.5766784893241,5
0.544306515892354,0.725052883314922,0.165269299413025,19.6700693304542,6
0.544306515892354,0.725052883314922,0.165269299413025,20.6517461384456,7
0.544306515892354,0.725052883314922,0.165269299413025,24.6151900191976,8
0.544306515892354,0.725052883314922,0.165269299413025,25.8063059384962,9
0.544306515892354,0.725052883314922,0.165269299413025,21.6094291193384,10
0.88819867225378,0.725052883314922,0.165269299413025,21.4626602948866,1
0.88819867225378,0.725052883314922,0.165269299413025,29.6720678724959,2
0.88819867225378,0.725052883314922,0.165269299413025,23.4582515905657,3
0.88819867225378,0.725052883314922,0.165269299413025,23.6056324486838,4
0.88819867225378,0.725052883314922,0.165269299413025,26.7514141233602,5
0.88819867225378,0.725052883314922,0.165269299413025,21.0597374738619,6
0.88819867225378,0.725052883314922,0.165269299413025,28.7940319472304,7
0.88819867225378,0.725052883314922,0.165269299413025,21.2763477717126,8
0.88819867225378,0.725052883314922,0.165269299413025,25.5603716558904,9
0.88819867225378,0.725052883314922,0.165269299413025,23.0513001538693,10
1.44936145050558,0.725052883314922,0.165269299413025,28.2023872463782,1
1.44936145050558,0.725052883314922,0.165269299413025,25.2604243310777,2
1.44936145050558,0.725052883314922,0.165269299413025,26.0880037733248,3
1.44936145050558,0.725052883314922,0.165269299413025,29.275211436819,4
1.44936145050558,0.725052883314922,0.165269299413025,24.021902384871,5
1.44936145050558,0.725052883314922,0.165269299413025,25.8967826022467,6
1.44936145050558,0.725052883314922,0.165269299413025,26.2431240613284,7
1.44936145050558,0.725052883314922,0.165269299413025,21.7383499687615,8
1.44936145050558,0.725052883314922,0.165269299413025,25.1160155734208,9
1.44936145050558,0.725052883314922,0.165269299413025,25.5935607748095,10
0.204413870080183,1.29634922634537,0.165269299413025,23.0433656465077,1
0.204413870080183,1.29634922634537,0.165269299413025,18.8163614210298,2
0.204413870080183,1.29634922634537,0.165269299413025,17.6855461780991,3
0.204413870080183,1.29634922634537,0.165269299413025,17.8020986561721,4
0.204413870080183,1.29634922634537,0.165269299413025,20.7138311225517,5
0.204413870080183,1.29634922634537,0.165269299413025,24.9874801438787,6
0.204413870080183,1.29634922634537,0.165269299413025,19.027086880671,7
0.204413870080183,1.29634922634537,0.165269299413025,22.278453018037,8
0.204413870080183,1.29634922634537,0.165269299413025,20.0328399502946,9
0.204413870080183,1.29634922634537,0.165269299413025,24.0380442204613,10
0.333562290169942,1.29634922634537,0.165269299413025,20.2983610899693,1
0.333562290169942,1.29634922634537,0.165269299413025,24.9046503356515,2
0.333562290169942,1.29634922634537,0.165269299413025,21.2530016718759,3
0.333562290169942,1.29634922634537,0.165269299413025,19.370115935707,4
0.333562290169942,1.29634922634537,0.165269299413025,23.8335424206249,5
0.333562290169942,1.29634922634537,0.165269299413025,25.331731848959,6
0.333562290169942,1.29634922634537,0.165269299413025,27.1123146555501,7
0.333562290169942,1.29634922634537,0.165269299413025,18.4830005692863,8
0.333562290169942,1.29634922634537,0.165269299413025,18.9499319634304,9
0.333562290169942,1.29634922634537,0.165269299413025,22.1705752785347,10
0.544306515892354,1.29634922634537,0.165269299413025,19.8164827719158,1
0.544306515892354,1.29634922634537,0.165269299413025,21.0188027883822,2
0.544306515892354,1.29634922634537,0.165269299413025,16.2705078458777,3
0.544306515892354,1.29634922634537,0.165269299413025,21.8053546289061,4
0.544306515892354,1.29634922634537,0.165269299413025,22.7425951801308,5
0.544306515892354,1.29634922634537,0.165269299413025,21.7723106804585,6
0.544306515892354,1.29634922634537,0.165269299413025,24.2815673060081,7
0.544306515892354,1.29634922634537,0.165269299413025,24.2853814573422,8
0.544306515892354,1.29634922634537,0.165269299413025,25.7696205545333,9
0.544306515892354,1.29634922634537,0.165269299413025,24.7370529987108,10
0.88819867225378,1.29634922634537,0.165269299413025,23.8891296451865,1
0.88819867225378,1.29634922634537,0.165269299413025,23.2573111764468,2
0.88819867225378,1.29634922634537,0.165269299413025,21.1688997842186,3
0.88819867225378,1.29634922634537,0.165269299413025,19.8719471147813,4
0.88819867225378,1.29634922634537,0.165269299413025,18.3108613117147,5
0.88819867225378,1.29634922634537,0.165269299413025,21.4774713151488,6
0.88819867225378,1.29634922634537,0.165269299413025,25.317677367002,7
0.88819867225378,1.29634922634537,0.165269299413025,25.7994492357398,8
0.88819867225378,1.29634922634537,0.165269299413025,21.278883779765,9
0.88819867225378,1.29634922634537,0.165269299413025,27.3421867865991,10
1.44936145050558,1.29634922634537,0.165269299413025,17.9985593983849,1
1.44936145050558,1.29634922634537,0.165269299413025,24.4455960876291,2
1.44936145050558,1.29634922634537,0.165269299413025,25.1456137702463,3
1.44936145050558,1.29634922634537,0.165269299413025,19.9886711718278,4
1.44936145050558,1.29634922634537,0.165269299413025,23.671552235881,5
1.44936145050558,1.29634922634537,0.165269299413025,29.0314169811278,6
1.44936145050558,1.29634922634537,0.165269299413025,27.5674567519309,7
1.44936145050558,1.29634922634537,0.165269299413025,24.6437548769548,8
1.44936145050558,1.29634922634537,0.165269299413025,22.257554721293,9
1.44936145050558,1.29634922634537,0.165269299413025,24.8366055955895,10
0.204413870080183,0.126856491916401,0.480190670453094,24.1273353918374,1
0.204413870080183,0.126856491916401,0.480190670453094,21.7347895463078,2
0.204413870080183,0.126856491916401,0.480190670453094,22.8626080061434,3
0.204413870080183,0.126856491916401,0.480190670453094,21.3815670360925,4
0.204413870080183,0.126856491916401,0.480190670453094,24.6067276616094,5
0.204413870080183,0.126856491916401,0.480190670453094,24.1732781862496,6
0.204413870080183,0.126856491916401,0.480190670453094,20.7616620439591,7
0.204413870080183,0.126856491916401,0.480190670453094,14.2710220423297,8
0.204413870080183,0.126856491916401,0.480190670453094,26.0009957033848,9
0.204413870080183,0.126856491916401,0.480190670453094,23.2283299201184,10
0.333562290169942,0.126856491916401,0.480190670453094,23.0410139215015,1
0.333562290169942,0.126856491916401,0.480190670453094,26.5111921691975,2
0.333562290169942,0.126856491916401,0.480190670453094,27.4603133704305,3
0.333562290169942,0.126856491916401,0.480190670453094,23.7827387455628,4
0.333562290169942,0.126856491916401,0.480190670453094,23.1092580951335,5
0.333562290169942,0.126856491916401,0.480190670453094,22.9191167469998,6
0.333562290169942,0.126856491916401,0.480190670453094,27.7238519680435,7
0.333562290169942,0.126856491916401,0.480190670453094,20.9417827370209,8
0.333562290169942,0.126856491916401,0.480190670453094,26.9454579357018,9
0.333562290169942,0.126856491916401,0.480190670453094,19.4412926579845,10
0.544306515892354,0.126856491916401,0.480190670453094,24.7389405195676,1
0.544306515892354,0.126856491916401,0.480190670453094,25.8089844553853,2
0.544306515892354,0.126856491916401,0.480190670453094,17.7923598166533,3
0.544306515892354,0.126856491916401,0.480190670453094,24.5928119082666,4
0.544306515892354,0.126856491916401,0.480190670453094,20.3335963163285,5
0.544306515892354,0.126856491916401,0.480190670453094,24.3682245210187,6
0.544306515892354,0.126856491916401,0.480190670453094,28.0943970276634,7
0.544306515892354,0.126856491916401,0.480190670453094,21.6144717585648,8
0.544306515892354,0.126856491916401,0.480190670453094,24.9749414665664,9
0.544306515892354,0.126856491916401,0.480190670453094,22.9706571063548,10
0.88819867225378,0.126856491916401,0.480190670453094,25.4892076863162,1
0.88819867225378,0.126856491916401,0.480190670453094,25.1116842038054,2
0.88819867225378,0.126856491916401,0.480190670453094,31.5669409634158,3
0.88819867225378,0.126856491916401,0.480190670453094,21.7051366370099,4
0.88819867225378,0.126856491916401,0.480190670453094,18.4052588628685,5
0.88819867225378,0.126856491916401,0.480190670453094,27.0574997784558,6
0.88819867225378,0.126856491916401,0.480190670453094,27.1818864710733,7
0.88819867225378,0.126856491916401,0.480190670453094,21.027843787054,8
0.88819867225378,0.126856491916401,0.480190670453094,21.3345278519402,9
0.88819867225378,0.126856491916401,0.480190670453094,22.1982606560043,10
1.44936145050558,0.126856491916401,0.480190670453094,29.2080013484742,1
1.44936145050558,0.126856491916401,0.480190670453094,22.6513998404236,2
1.44936145050558,0.126856491916401,0.480190670453094,21.4617576714335,3
1.44936145050558,0.126856491916401,0.480190670453094,27.024708823206,4
1.44936145050558,0.126856491916401,0.480190670453094,27.7039188176809,5
1.44936145050558,0.126856491916401,0.480190670453094,28.3180310070042,6
1.44936145050558,0.126856491916401,0.480190670453094,23.1742472883681,7
1.44936145050558,0.126856491916401,0.480190670453094,33.0285131034752,8
1.44936145050558,0.126856491916401,0.480190670453094,17.4155989867399,9
1.44936145050558,0.126856491916401,0.480190670453094,26.4732643517613,10
0.204413870080183,0.226811476703398,0.480190670453094,20.3621844207755,1
0.204413870080183,0.226811476703398,0.480190670453094,19.6451751143647,2
0.204413870080183,0.226811476703398,0.480190670453094,18.1341277969249,3
0.204413870080183,0.226811476703398,0.480190670453094,17.6388955552826,4
0.204413870080183,0.226811476703398,0.480190670453094,22.6633270650673,5
0.204413870080183,0.226811476703398,0.480190670453094,20.0336549860651,6
0.204413870080183,0.226811476703398,0.480190670453094,24.4816002856992,7
0.204413870080183,0.226811476703398,0.480190670453094,25.1058198561616,8
0.204413870080183,0.226811476703398,0.480190670453094,18.0463457663021,9
0.204413870080183,0.226811476703398,0.480190670453094,17.9870624195252,10
0.333562290169942,0.226811476703398,0.480190670453094,21.7039337022623,1
0.333562290169942,0.226811476703398,0.480190670453094,19.8288012283318,2
0.333562290169942,0.226811476703398,0.480190670453094,20.4102411175727,3
0.333562290169942,0.226811476703398,0.480190670453094,22.4389775246876,4
0.333562290169942,0.226811476703398,0.480190670453094,22.2973493291632,5
0.333562290169942,0.226811476703398,0.480190670453094,25.7176198543569,6
0.333562290169942,0.226811476703398,0.480190670453094,22.7266807025988,7
0.333562290169942,0.226811476703398,0.480190670453094,20.8343434318402,8
0.333562290169942,0.226811476703398,0.480190670453094,28.234641952958,9
0.333562290169942,0.226811476703398,0.480190670453094,22.4258949919895,10
0.544306515892354,0.226811476703398,0.480190670453094,30.3052588735968,1
0.544306515892354,0.226811476703398,0.480190670453094,27.1275611370346,2
0.544306515892354,0.226811476703398,0.480190670453094,22.2692943178041,3
0.544306515892354,0.226811476703398,0.480190670453094,19.357253856807,4
0.544306515892354,0.226811476703398,0.480190670453094,22.6826327253724,5
0.544306515892354,0.226811476703398,0.480190670453094,20.1711405355655,6
0.544306515892354,0.226811476703398,0.480190670453094,25.4882963496368,7
0.544306515892354,0.226811476703398,0.480190670453094,29.6427301703681,8
0.544306515892354,0.226811476703398,0.480190670453094,17.4671768617362,9
0.544306515892354,0.226811476703398,0.480190670453094,27.154232706219,10
0.88819867225378,0.226811476703398,0.480190670453094,18.5246367391379,1
0.88819867225378,0.226811476703398,0.480190670453094,29.0953951214055,2
0.88819867225378,0.226811476703398,0.480190670453094,18.0513812778993,3
0.88819867225378,0.226811476703398,0.480190670453094,24.6835185968251,4
0.88819867225378,0.226811476703398,0.480190670453094,25.1475379988954,5
0.88819867225378,0.226811476703398,0.480190670453094,23.26809566402,6
0.88819867225378,0.226811476703398,0.480190670453094,28.1268938040768,7
0.88819867225378,0.226811476703398,0.480190670453094,23.3217104656641,8
0.88819867225378,0.226811476703398,0.480190670453094,25.3928193253312,9
0.88819867225378,0.226811476703398,0.480190670453094,23.2304734634255,10
1.44936145050558,0.226811476703398,0.480190670453094,23.5472190790943,1
1.44936145050558,0.226811476703398,0.480190670453094,22.6376641985061,2
1.44936145050558,0.226811476703398,0.480190670453094,22.0026528083044,3
1.44936145050558,0.226811476703398,0.480190670453094,21.1951436871063,4
1.44936145050558,0.226811476703398,0.480190670453094,25.7546939326901,5
1.44936145050558,0.226811476703398,0.480190670453094,22.323593978902,6
1.44936145050558,0.226811476703398,0.480190670453094,18.7153344036235,7
1.44936145050558,0.226811476703398,0.480190670453094,28.7883891406346,8
1.44936145050558,0.226811476703398,0.480190670453094,24.9083490850002,9
1.44936145050558,0.226811476703398,0.480190670453094,21.1641039305185,10
0.204413870080183,0.405524740493985,0.480190670453094,22.9280335618736,1
0.204413870080183,0.405524740493985,0.480190670453094,23.0382134352325,2
0.204413870080183,0.405524740493985,0.480190670453094,23.6436805143912,3
0.204413870080183,0.405524740493985,0.480190670453094,22.1255734968416,4
0.204413870080183,0.405524740493985,0.480190670453094,19.8054448429223,5
0.204413870080183,0.405524740493985,0.480190670453094,22.735296565844,6
0.204413870080183,0.405524740493985,0.480190670453094,26.243658213573,7
0.204413870080183,0.405524740493985,0.480190670453094,23.6228037867353,8
0.204413870080183,0.405524740493985,0.480190670453094,20.3820901672756,9
0.204413870080183,0.405524740493985,0.480190670453094,26.9261539897632,10
0.333562290169942,0.405524740493985,0.480190670453094,22.891470659696,1
0.333562290169942,0.405524740493985,0.480190670453094,24.0003191181584,2
0.333562290169942,0.405524740493985,0.480190670453094,21.1743835288073,3
0.333562290169942,0.405524740493985,0.480190670453094,23.7784722725472,4
0.333562290169942,0.405524740493985,0.480190670453094,19.9193399861381,5
0.333562290169942,0.405524740493985,0.480190670453094,20.9964273326699,6
0.333562290169942,0.405524740493985,0.480190670453094,18.4276351911042,7
0.333562290169942,0.405524740493985,0.480190670453094,20.5169795338814,8
0.333562290169942,0.405524740493985,0.480190670453094,25.4452641690786,9
0.333562290169942,0.405524740493985,0.480190670453094,21.6485953386009,10
0.544306515892354,0.405524740493985,0.480190670453094,17.3916574508666,1
0.544306515892354,0.405524740493985,0.480190670453094,22.2694245955703,2
0.544306515892354,0.405524740493985,0.480190670453094,23.4938170618113,3
0.544306515892354,0.405524740493985,0.480190670453094,19.9030220156279,4
0.544306515892354,0.405524740493985,0.480190670453094,20.7645825967079,5
0.544306515892354,0.405524740493985,0.480190670453094,22.3590330528365,6
0.544306515892354,0.405524740493985,0.480190670453094,22.1823747191589,7
0.544306515892354,0.405524740493985,0.480190670453094,24.7383639028108,8
0.544306515892354,0.405524740493985,0.480190670453094,25.7610655184266,9
0.544306515892354,0.405524740493985,0.480190670453094,22.7442009109266,10
0.88819867225378,0.405524740493985,0.480190670453094,20.3220441326016,1
0.88819867225378,0.405524740493985,0.480190670453094,28.3660601331327,2
0.88819867225378,0.405524740493985,0.480190670453094,23.3882675901308,3
0.88819867225378,0.405524740493985,0.480190670453094,25.8496951683152,4
0.88819867225378,0.405524740493985,0.480190670453094,22.9414726530134,5
0.88819867225378,0.405524740493985,0.480190670453094,22.0362602281046,6
0.88819867225378,0.405524740493985,0.480190670453094,20.717397027123,7
0.88819867225378,0.405524740493985,0.480190670453094,22.6796859873186,8
0.88819867225378,0.405524740493985,0.480190670453094,26.2715316598184,9
0.88819867225378,0.405524740493985,0.480190670453094,24.384363968586,10
1.44936145050558,0.405524740493985,0.480190670453094,24.5803324355723,1
1.44936145050558,0.405524740493985,0.480190670453094,23.6596970020695,2
1.44936145050558,0.405524740493985,0.480190670453094,15.254393013082,3
1.44936145050558,0.405524740493985,0.480190670453094,26.2428899762469,4
1.44936145050558,0.405524740493985,0.480190670453094,26.9027088635331,5
1.44936145050558,0.405524740493985,0.480190670453094,19.3788598070515,6
1.44936145050558,0.405524740493985,0.480190670453094,25.7550693150067,7
1.44936145050558,0.405524740493985,0.480190670453094,27.2598137360843,8
1.44936145050558,0.405524740493985,0.480190670453094,23.2057516757966,9
1.44936145050558,0.405524740493985,0.480190670453094,23.9114926973284,10
0.204413870080183,0.725052883314922,0.480190670453094,17.8264224011039,1
0.204413870080183,0.725052883314922,0.480190670453094,22.0725383227624,2
0.204413870080183,0.725052883314922,0.480190670453094,19.541577357883,3
0.204413870080183,0.725052883314922,0.480190670453094,28.5349168180647,4
0.204413870080183,0.725052883314922,0.480190670453094,22.8851003368473,5
0.204413870080183,0.725052883314922,0.480190670453094,21.1689609275313,6
0.204413870080183,0.725052883314922,0.480190670453094,20.783885477816,7
0.204413870080183,0.725052883314922,0.480190670453094,21.5561274190981,8
0.204413870080183,0.725052883314922,0.480190670453094,27.2015603198522,9
0.204413870080183,0.725052883314922,0.480190670453094,19.8518062637658,10
0.333562290169942,0.725052883314922,0.480190670453094,20.9016549115639,1
0.333562290169942,0.725052883314922,0.480190670453094,16.2369601011268,2
0.333562290169942,0.725052883314922,0.480190670453094,21.7778300160652,3
0.333562290169942,0.725052883314922,0.480190670453094,20.2404113659136,4
0.333562290169942,0.725052883314922,0.480190670453094,21.6674021107681,5
0.333562290169942,0.725052883314922,0.480190670453094,25.8452664565249,6
0.333562290169942,0.725052883314922,0.480190670453094,19.1474655123833,7
0.333562290169942,0.725052883314922,0.480190670453094,25.9928158537217,8
0.333562290169942,0.725052883314922,0.480190670453094,18.689066507388,9
0.333562290169942,0.725052883314922,0.480190670453094,19.1325274237193,10
0.544306515892354,0.725052883314922,0.480190670453094,24.9382370932967,1
0.544306515892354,0.725052883314922,0.480190670453094,20.9720266308689,2
0.544306515892354,0.725052883314922,0.480190670453094,21.0336228202131,3
0.544306515892354,0.725052883314922,0.480190670453094,22.2153279832607,4
0.544306515892354,0.725052883314922,0.480190670453094,22.2064989834686,5
0.544306515892354,0.725052883314922,0.480190670453094,24.0397797251581,6
0.544306515892354,0.725052883314922,0.480190670453094,22.7614721167473,7
0.544306515892354,0.725052883314922,0.480190670453094,27.9707831489121,8
0.544306515892354,0.725052883314922,0.480190670453094,24.5287709614232,9
0.544306515892354,0.725052883314922,0.480190670453094,24.8394963300112,10
0.88819867225378,0.725052883314922,0.480190670453094,22.2246280823417,1
0.88819867225378,0.725052883314922,0.480190670453094,22.5387017478736,2
0.88819867225378,0.725052883314922,0.480190670453094,17.775039005484,3
0.88819867225378,0.725052883314922,0.480190670453094,21.0101543268045,4
0.88819867225378,0.725052883314922,0.480190670453094,20.8495805183267,5
0.88819867225378,0.725052883314922,0.480190670453094,25.2127431042944,6
0.88819867225378,0.725052883314922,0.480190670453094,28.326726293765,7
0.88819867225378,0.725052883314922,0.480190670453094,20.1423044523234,8
0.88819867225378,0.725052883314922,0.480190670453094,22.7047640435894,9
0.88819867225378,0.725052883314922,0.480190670453094,20.5322825792397,10
1.44936145050558,0.725052883314922,0.480190670453094,22.8952294152674,1
1.44936145050558,0.725052883314922,0.480190670453094,26.1094739922969,2
1.44936145050558,0.725052883314922,0.480190670453094,27.5535613816041,3
1.44936145050558,0.725052883314922,0.480190670453094,29.846374086652,4
1.44936145050558,0.725052883314922,0.480190670453094,25.6498628551484,5
1.44936145050558,0.725052883314922,0.480190670453094,21.9369224713407,6
1.44936145050558,0.725052883314922,0.480190670453094,26.4026970370574,7
1.44936145050558,0.725052883314922,0.480190670453094,25.8440148438945,8
1.44936145050558,0.725052883314922,0.480190670453094,24.6974921018034,9
1.44936145050558,0.725052883314922,0.480190670453094,23.2691649345636,10
0.204413870080183,1.29634922634537,0.480190670453094,18.6938078925323,1
0.204413870080183,1.29634922634537,0.480190670453094,25.2425515769808,2
0.204413870080183,1.29634922634537,0.480190670453094,19.9994651410225,3
0.204413870080183,1.29634922634537,0.480190670453094,20.3817742850104,4
0.204413870080183,1.29634922634537,0.480190670453094,19.7981825333969,5
0.204413870080183,1.29634922634537,0.480190670453094,23.9628447716915,6
0.204413870080183,1.29634922634537,0.480190670453094,25.001361704829,7
0.204413870080183,1.29634922634537,0.480190670453094,22.3220797154101,8
0.204413870080183,1.29634922634537,0.480190670453094,21.1536303497471,9
0.204413870080183,1.29634922634537,0.480190670453094,24.6852086825313,10
0.333562290169942,1.29634922634537,0.480190670453094,19.398190891651,1
0.333562290169942,1.29634922634537,0.480190670453094,21.925128410147,2
0.333562290169942,1.29634922634537,0.480190670453094,27.1572175530764,3
0.333562290169942,1.29634922634537,0.480190670453094,23.2103137278204,4
0.333562290169942,1.29634922634537,0.480190670453094,20.3025926181193,5
0.333562290169942,1.29634922634537,0.480190670453094,20.2536629677233,6
0.333562290169942,1.29634922634537,0.480190670453094,19.7312320719127,7
0.333562290169942,1.29634922634537,0.480190670453094,20.1912620159438,8
0.333562290169942,1.29634922634537,0.480190670453094,20.2100725011903,9
0.333562290169942,1.29634922634537,0.480190670453094,18.9234970198162,10
0.544306515892354,1.29634922634537,0.480190670453094,20.886944726801,1
0.544306515892354,1.29634922634537,0.480190670453094,19.6187698326163,2
0.544306515892354,1.29634922634537,0.480190670453094,26.4095430455521,3
0.544306515892354,1.29634922634537,0.480190670453094,26.2759161398659,4
0.544306515892354,1.29634922634537,0.480190670453094,18.264629817326,5
0.544306515892354,1.29634922634537,0.480190670453094,25.8557718088216,6
0.544306515892354,1.29634922634537,0.480190670453094,15.6716721771134,7
0.544306515892354,1.29634922634537,0.480190670453094,18.8249581715503,8
0.544306515892354,1.29634922634537,0.480190670453094,22.3724424981174,9
0.544306515892354,1.29634922634537,0.480190670453094,21.9119783910585,10
0.88819867225378,1.29634922634537,0.480190670453094,25.983171298885,1
0.88819867225378,1.29634922634537,0.480190670453094,23.255868503448,2
0.88819867225378,1.29634922634537,0.480190670453094,20.0988764436404,3
0.88819867225378,1.29634922634537,0.480190670453094,19.3580347729721,4
0.88819867225378,1.29634922634537,0.480190670453094,26.6148462678855,5
0.88819867225378,1.29634922634537,0.480190670453094,22.5418043251158,6
0.88819867225378,1.29634922634537,0.480190670453094,22.7617738173601,7
0.88819867225378,1.29634922634537,0.480190670453094,24.0665426149983,8
0.88819867225378,1.29634922634537,0.480190670453094,22.4161252096783,9
0.88819867225378,1.29634922634537,0.480190670453094,17.2380214130264,10
1.44936145050558,1.29634922634537,0.480190670453094,24.7324756737711,1
1.44936145050558,1.29634922634537,0.480190670453094,24.0132406842937,2
1.44936145050558,1.29634922634537,0.480190670453094,22.3944596878706,3
1.44936145050558,1.29634922634537,0.480190670453094,22.1706016067324,4
1.44936145050558,1.29634922634537,0.480190670453094,26.9391895436111,5
1.44936145050558,1.29634922634537,0.480190670453094,25.8362797520193,6
1.44936145050558,1.29634922634537,0.480190670453094,24.615589420734,7
1.44936145050558,1.29634922634537,0.480190670453094,20.4111740162023,8
1.44936145050558,1.29634922634537,0.480190670453094,18.8957285484217,9
1.44936145050558,1.29634922634537,0.480190670453094,23.559807036977,10
